Number_of_Riders,Number_of_Drivers,Location_Category,Customer_Loyalty_Status,Number_of_Past_Rides,Average_Ratings,Time_of_Booking,Vehicle_Type,Expected_Ride_Duration,Historical_Cost_of_Ride,baseline_price,competitor_price,Driver_to_Rider_Ratio,Rider_Driver_Ratio,Inventory_Health_Index,Cost_per_Min,Loyalty_Score,Supply_Tightness,Vehicle_Factor,Peak,p_complete,price
90,45,Urban,Silver,13,4.47,Night,Premium,90,284.25727302188227,284.25727302188227,298.4701366729764,0.49999999444444454,1.9999999555555568,0.4945054945054945,3.1584141095940907,0.1299999987,1.9999999555555568,1.5,1,0.49999999444444454,511.66308954433975
58,39,Suburban,Silver,72,4.06,Evening,Economy,43,173.87475274940766,173.87475274940766,182.56849038687804,0.6724137815101072,1.487179449046681,0.6610169491525424,4.0435988071118345,0.7199999928,1.487179449046681,1.0,1,0.6724137815101072,199.73304864910685
42,31,Rural,Silver,0,3.99,Afternoon,Premium,76,329.7954689622466,329.7954689622466,346.285242410359,0.7380952205215424,1.354838665972946,0.7209302325581395,4.339414008195166,0.0,1.354838665972946,1.5,0,0.7380952205215424,561.7161514252798
89,28,Rural,Regular,67,4.31,Afternoon,Premium,134,470.2012317513198,470.2012317513198,493.7112933388858,0.31460673803812655,3.178571315051024,0.3111111111111111,3.508964389868324,0.6699999933,3.178571315051024,1.5,0,0.31460673803812655,929.4870697589404
78,22,Rural,Regular,74,3.77,Afternoon,Economy,149,579.6814223640141,579.6814223640141,608.6654934822149,0.28205127843524,3.545454384297528,0.27848101265822783,3.8904793186143274,0.7399999926,3.545454384297528,1.0,0,0.28205127843524,785.2048264056463
59,35,Urban,Silver,83,3.51,Night,Economy,128,339.9553606047221,339.9553606047221,356.9531286349582,0.593220328928469,1.685714237551022,0.5833333333333334,2.655901233975163,0.8299999917,1.685714237551022,1.0,1,0.593220328928469,397.2621197550393
93,43,Suburban,Regular,44,4.41,Afternoon,Premium,16,104.06154127359152,104.06154127359152,109.2646183372711,0.4623655864261765,2.162790647376962,0.4574468085106383,6.5038459231090995,0.4399999956000001,2.162790647376962,1.5,0,0.4623655864261765,189.85181114311058
62,39,Rural,Gold,83,3.59,Afternoon,Premium,47,235.81186355605,235.81186355605,247.60245673385253,0.6290322479188347,1.5897435489809348,0.6190476190476191,5.017273585931414,0.8299999917,1.5897435489809348,1.5,0,0.6290322479188347,409.94985366328547
79,14,Rural,Silver,71,3.74,Evening,Economy,128,501.4125174833056,501.4125174833056,526.4831433574709,0.1772151876301875,5.642856739795947,0.175,3.9172852622345338,0.7099999929,5.642856739795947,1.0,1,0.1772151876301875,784.3524178531779
42,6,Rural,Silver,21,3.85,Night,Premium,128,398.9933645706103,398.9933645706103,418.94303279914084,0.1428571394557824,6.999998833333527,0.13953488372093023,3.117135636355271,0.2099999979,6.999998833333527,1.5,1,0.1428571394557824,1017.4330098312291
86,17,Urban,Regular,99,4.69,Morning,Economy,167,669.2986264658781,669.2986264658781,702.7635577891721,0.19767441630611143,5.0588232318339275,0.19540229885057472,4.007776182383844,0.9899999901000002,5.0588232318339275,1.0,0,0.19767441630611143,1007.8849705258903
60,38,Rural,Gold,15,4.14,Evening,Premium,144,414.9901047325251,414.9901047325251,435.73960996915133,0.633333322777778,1.5789473268698073,0.6229508196721312,2.8818757072961763,0.1499999985,1.5789473268698073,1.5,1,0.633333322777778,720.7722845805138
24,8,Rural,Gold,50,4.12,Morning,Economy,164,490.41072171830416,490.41072171830416,514.9312578042194,0.333333319444445,2.999999625000047,0.32,2.9903092605365544,0.4999999950000001,2.999999625000047,1.0,0,0.333333319444445,637.5339198433957
36,24,Suburban,Silver,88,4.22,Night,Premium,83,296.24287599192223,296.24287599192223,311.05501979151836,0.6666666481481487,1.4999999375000026,0.6486486486486487,3.5691912340088074,0.8799999912000002,1.4999999375000026,1.5,1,0.6666666481481487,511.018958308789
63,13,Rural,Regular,74,4.95,Afternoon,Premium,102,327.0888648717375,327.0888648717375,343.4433081153244,0.20634920307382218,4.84615347337281,0.203125,3.2067535457351366,0.7399999926,4.84615347337281,1.5,0,0.20634920307382218,728.4017230975672
39,12,Urban,Silver,30,4.51,Afternoon,Premium,140,445.1368684239125,445.1368684239125,467.39371184510816,0.3076922998027616,3.2499997291666896,0.3,3.179549037459739,0.299999997,3.2499997291666896,1.5,0,0.3076922998027616,884.7095079088425
38,28,Rural,Silver,35,3.93,Afternoon,Premium,54,244.5361718306458,244.5361718306458,256.7629804221781,0.7368420858725767,1.3571428086734711,0.717948717948718,4.528447542633301,0.3499999965,1.3571428086734711,1.5,0,0.7368420858725767,416.5848338050439
46,14,Suburban,Silver,21,4.71,Afternoon,Economy,15,47.31430863361691,47.31430863361691,49.68002406529776,0.3043478194706996,3.2857140510204252,0.2978723404255319,3.1542870319553256,0.2099999979,3.2857140510204252,1.0,0,0.3043478194706996,62.860437502796124
33,7,Suburban,Gold,49,4.31,Evening,Premium,22,129.8082629093964,129.8082629093964,136.29867605486623,0.21212120569329682,4.7142850408164225,0.20588235294117646,5.900375318591867,0.4899999951000001,4.7142850408164225,1.5,1,0.21212120569329682,286.5053671653145
31,7,Suburban,Silver,24,4.82,Evening,Premium,87,382.9481103198511,382.9481103198511,402.0955158358436,0.22580644432882438,4.428570795918458,0.21875,4.401702366875273,0.23999999760000004,4.428570795918458,1.5,1,0.22580644432882438,828.8090881369745
96,45,Urban,Regular,6,4.95,Afternoon,Premium,11,82.77279318243978,82.77279318243978,86.91143284156178,0.46874999511718757,2.1333332859259273,0.4639175257731959,7.52479869614919,0.05999999940000001,2.1333332859259273,1.5,0,0.46874999511718757,150.6464830034339
22,11,Suburban,Silver,79,4.48,Night,Economy,15,64.07117255500656,64.07117255500656,67.27473118275688,0.49999997727272827,1.9999998181818348,0.4782608695652174,4.271411218906356,0.7899999921,1.9999998181818348,1.0,1,0.49999997727272827,76.88540590107756
74,16,Rural,Regular,6,3.97,Morning,Economy,139,390.6687658288554,390.6687658288554,410.2022041202982,0.21621621329437551,4.624999710937518,0.21333333333333335,2.8105666404193435,0.05999999940000001,4.624999710937518,1.0,0,0.21621621329437551,571.3530587319327
24,12,Urban,Regular,10,3.6,Evening,Premium,45,212.16652497375452,212.16652497375452,222.77485122244227,0.4999999791666675,1.9999998333333473,0.48,4.714811561309844,0.099999999,1.9999998333333473,1.5,1,0.4999999791666675,381.89973964859547
48,19,Suburban,Gold,72,3.81,Night,Premium,65,235.65813370551408,235.65813370551408,247.4410403907898,0.39583332508680574,2.526315656509702,0.3877551020408163,3.625509693538529,0.7199999928,2.526315656509702,1.5,1,0.39583332508680574,442.7892254728856
56,13,Rural,Regular,36,4.81,Evening,Economy,162,406.5574980533908,406.5574980533908,426.8853729560604,0.23214285299744905,4.307691976331387,0.22807017543859648,2.5096141700233128,0.3599999964,4.307691976331387,1.0,1,0.23214285299744905,581.6899452815863
72,33,Rural,Gold,66,4.39,Morning,Premium,30,182.4744270596517,182.4744270596517,191.5981484126343,0.4583333269675927,2.1818181157024816,0.4520547945205479,6.082480699239033,0.6599999934,2.1818181157024816,1.5,0,0.4583333269675927,333.43054218115446
97,75,Urban,Silver,76,4.7,Night,Economy,158,652.617297300081,652.617297300081,685.2481621650851,0.7731958683175684,1.2933333160888891,0.7653061224489796,4.130489197275898,0.7599999924,1.2933333160888891,1.0,1,0.7731958683175684,737.0224666254892
62,33,Suburban,Regular,39,3.91,Evening,Premium,129,403.22709836941993,403.22709836941993,423.38845328789097,0.5322580559313217,1.8787878218549146,0.5238095238095238,3.12579143599712,0.3899999961,1.8787878218549146,1.5,1,0.5322580559313217,718.4773718328839
57,38,Suburban,Silver,54,4.1,Night,Premium,131,537.7848594528473,537.7848594528473,564.6741024254897,0.6666666549707605,1.499999960526317,0.6551724137931034,4.105227903416942,0.5399999946,1.499999960526317,1.5,1,0.6666666549707605,927.6788793719093
25,7,Suburban,Silver,13,3.99,Morning,Premium,81,286.13145256368455,286.13145256368455,300.4380251918688,0.27999998880000043,3.571428061224563,0.2692307692307692,3.5324870250765126,0.1299999987,3.571428061224563,1.5,0,0.27999998880000043,582.48186367826
75,56,Suburban,Gold,94,4.79,Evening,Premium,153,485.0546633356366,485.0546633356366,509.30739650241844,0.7466666567111113,1.3392856903698984,0.7368421052631579,3.1702918965055207,0.9399999906000002,1.3392856903698984,1.5,1,0.7466666567111113,825.0260104513459
39,9,Urban,Gold,39,4.64,Afternoon,Premium,48,171.0859835160851,171.0859835160851,179.64028269188935,0.2307692248520712,4.333332851851906,0.225,3.5642912489957053,0.3899999961,4.333332851851906,1.5,0,0.2307692248520712,367.8348522033744
35,24,Suburban,Gold,73,3.76,Evening,Premium,105,485.8784537318511,485.8784537318511,510.17237641844366,0.6857142661224496,1.458333272569447,0.6666666666666666,4.627413800994641,0.7299999927,1.458333272569447,1.5,1,0.6857142661224496,835.1035879230396
68,32,Suburban,Regular,34,3.58,Morning,Economy,77,294.7328864777875,294.7328864777875,309.46953080167685,0.47058822837370257,2.1249999335937524,0.463768115942029,3.827699774676464,0.3399999966,2.1249999335937524,1.0,0,0.47058822837370257,357.3636228971068
96,43,Rural,Silver,97,3.68,Morning,Premium,91,392.83872040801793,392.83872040801793,412.48065642841885,0.4479166620008681,2.2325580876149282,0.44329896907216493,4.316908968034165,0.9699999903000002,2.2325580876149282,1.5,0,0.4479166620008681,720.8133699683099
28,11,Suburban,Gold,52,4.33,Afternoon,Premium,94,456.1809467866996,456.1809467866996,478.9899941260346,0.3928571288265311,2.545454314049608,0.3793103448275862,4.852988743975648,0.5199999948,2.545454314049608,1.5,0,0.3928571288265311,858.4495840278655
25,15,Rural,Gold,65,4.88,Evening,Premium,101,502.5293207873477,502.5293207873477,527.655786826715,0.599999976000001,1.666666555555563,0.5769230769230769,4.97553778031495,0.6499999935,1.666666555555563,1.5,1,0.599999976000001,879.4263030023703
28,6,Suburban,Regular,2,4.29,Morning,Economy,89,244.21766165291973,244.21766165291973,256.4285447355657,0.21428570663265334,4.6666658888890185,0.20689655172413793,2.744018639425855,0.0199999998,4.6666658888890185,1.0,0,0.21428570663265334,358.18588476291177
73,17,Rural,Regular,14,4.81,Evening,Premium,170,634.7265312250814,634.7265312250814,666.4628577863356,0.23287670913867523,4.294117394463682,0.22972972972972974,3.733685455831741,0.1399999986,4.294117394463682,1.5,1,0.23287670913867523,1360.9283326068048
36,18,Urban,Silver,88,3.73,Night,Premium,92,345.40676830595487,345.40676830595487,362.67710672125264,0.4999999861111115,1.999999888888895,0.4864864864864865,3.7544213538210167,0.8799999912000002,1.999999888888895,1.5,1,0.4999999861111115,621.7321771939396
56,10,Urban,Silver,55,4.5,Night,Economy,45,151.15212964816465,151.15212964816465,158.70973613057288,0.17857142538265314,5.599999440000056,0.17543859649122806,3.3589361397606337,0.5499999945,5.599999440000056,1.0,1,0.17857142538265314,235.79731378661845
97,81,Suburban,Regular,52,4.56,Evening,Economy,125,530.7599938912294,530.7599938912294,557.2979935857909,0.8350515377829738,1.1975308494131993,0.826530612244898,4.246079917161197,0.5199999948,1.1975308494131993,1.0,1,0.8350515377829738,594.3201405231404
63,9,Rural,Regular,89,3.87,Afternoon,Premium,166,482.85016419959805,482.85016419959805,506.992672409578,0.1428571405895692,6.999999222222309,0.140625,2.908735911390736,0.8899999911000002,6.999999222222309,1.5,0,0.1428571405895692,1231.2678623764623
78,33,Urban,Silver,35,4.46,Morning,Premium,116,355.9595074862448,355.9595074862448,373.75748286055705,0.42307691765286004,2.3636362920110217,0.4177215189873418,3.068616417393348,0.3499999965,2.3636362920110217,1.5,0,0.42307691765286004,660.1430827864957
29,10,Suburban,Regular,25,3.77,Afternoon,Economy,91,303.9609626071891,303.9609626071891,319.1590107375486,0.3448275743162905,2.899999710000029,0.3333333333333333,3.340230321614932,0.24999999750000004,2.899999710000029,1.0,0,0.3448275743162905,392.10963294840695
73,33,Suburban,Silver,60,3.88,Night,Premium,161,514.8771742414517,514.8771742414517,540.6210329535244,0.4520547883280166,2.212121145087238,0.44594594594594594,3.1979948512015954,0.599999994,2.212121145087238,1.5,1,0.4520547883280166,943.1613640015198
94,29,Urban,Regular,67,3.59,Evening,Premium,96,361.13235495172165,361.13235495172165,379.1889726993077,0.3085106350158443,3.241379198573131,0.30526315789473685,3.761795324895066,0.6699999933,3.241379198573131,1.5,1,0.3085106350158443,717.2835679184184
54,28,Suburban,Silver,83,4.49,Night,Economy,32,80.26246462184758,80.26246462184758,84.27558785293996,0.5185185089163239,1.92857135969388,0.509090909090909,2.5082019410514267,0.8299999917,1.92857135969388,1.0,1,0.5185185089163239,95.74165367466144
67,6,Rural,Gold,15,3.53,Night,Economy,123,420.6239113101238,420.6239113101238,441.65510687563,0.08955223746936959,11.166664805555865,0.08823529411764706,3.419706568214774,0.1499999985,11.166664805555865,1.0,1,0.08955223746936959,890.320533990325
23,8,Urban,Silver,27,4.73,Afternoon,Economy,117,520.8926706123274,520.8926706123274,546.9373041429437,0.34782607183364905,2.8749996406250453,0.3333333333333333,4.452074069745755,0.2699999973,2.8749996406250453,1.0,0,0.34782607183364905,670.6492946937934
70,14,Urban,Silver,16,4.3,Morning,Economy,53,183.07579104191225,183.07579104191225,192.22958059400787,0.19999999714285718,4.999999642857168,0.19718309859154928,3.4542601431632476,0.1599999984,4.999999642857168,1.0,0,0.19999999714285718,274.6136800244478
20,10,Rural,Silver,70,4.92,Evening,Economy,65,190.13746358777752,190.13746358777752,199.6443367671664,0.4999999750000012,1.99999980000002,0.47619047619047616,2.9251917025013205,0.699999993,1.99999980000002,1.0,1,0.4999999750000012,228.16495250258416
95,84,Suburban,Gold,18,3.86,Afternoon,Premium,112,522.3021028701461,522.3021028701461,548.4172080136534,0.8842105170083103,1.1309523674886623,0.875,4.663411591131558,0.1799999982,1.1309523674886623,1.5,0,0.8842105170083103,872.057974273014
43,16,Urban,Silver,40,4.89,Night,Premium,106,410.6863449474928,410.6863449474928,431.22066219486743,0.37209301460248806,2.68749983203126,0.36363636363636365,3.8743994440857863,0.399999996,2.68749983203126,1.5,1,0.37209301460248806,781.5874398808271
97,55,Suburban,Silver,94,4.62,Evening,Premium,150,584.9958711291002,584.9958711291002,614.2456646855553,0.5670103034328835,1.7636363315702486,0.5612244897959183,3.8999724481941853,0.9399999906000002,1.7636363315702486,1.5,1,0.5670103034328835,1032.2518025149307
32,20,Rural,Silver,44,3.55,Night,Economy,68,301.62262644973293,301.62262644973293,316.7037577722196,0.6249999804687506,1.599999920000004,0.6060606060606061,4.43562679432509,0.4399999956000001,1.599999920000004,1.0,1,0.6249999804687506,349.8822442687093
95,25,Suburban,Regular,72,4.16,Morning,Premium,128,413.5870840445325,413.5870840445325,434.26643824675915,0.26315789196675904,3.799999848000006,0.2604166666666667,3.2311490688545583,0.7199999928,3.799999848000006,1.5,0,0.26315789196675904,856.1252545423971
47,15,Urban,Gold,14,4.84,Night,Economy,89,273.11810461931896,273.11810461931896,286.7740098502849,0.31914892937981004,3.1333331244444587,0.3125,3.0687427140514187,0.1399999986,3.1333331244444587,1.0,1,0.31914892937981004,358.6951050282389
25,11,Rural,Silver,33,3.85,Night,Economy,94,247.1745626508575,247.1745626508575,259.5332907834004,0.4399999824000007,2.2727270661157215,0.4230769230769231,2.6295165959717117,0.3299999967,2.2727270661157215,1.0,1,0.4399999824000007,303.35059451004946
37,22,Rural,Regular,76,4.72,Afternoon,Economy,69,213.4432507972432,213.4432507972432,224.11541333710537,0.5945945785244708,1.6818181053719041,0.5789473684210527,3.093380401505258,0.7599999924,1.6818181053719041,1.0,0,0.5945945785244708,249.34052316326716
59,39,Suburban,Gold,49,3.78,Morning,Premium,98,295.79438015283176,295.79438015283176,310.5840991604734,0.6610169379488655,1.5128204740302444,0.65,3.0183099707604266,0.4899999951000001,1.5128204740302444,1.5,0,0.6610169379488655,510.81413938899107
42,20,Urban,Silver,88,4.64,Night,Premium,29,145.0698091748401,145.0698091748401,152.3232996335821,0.476190464852608,2.099999895000005,0.46511627906976744,5.002407040428726,0.8799999912000002,2.099999895000005,1.5,1,0.476190464852608,263.3017013674854
53,11,Rural,Regular,2,3.5,Afternoon,Premium,81,297.0186264188845,297.0186264188845,311.86955773982874,0.2075471658953365,4.8181813801653295,0.2037037037037037,3.666896577185036,0.0199999998,4.8181813801653295,1.5,0,0.2075471658953365,660.1913819343895
79,64,Rural,Regular,91,4.57,Night,Economy,164,666.6870291344428,666.6870291344428,700.021380591165,0.8101265720237143,1.234374980712891,0.8,4.0651647870077925,0.9099999909000002,1.234374980712891,1.0,1,0.8101265720237143,748.9812080073791
59,23,Urban,Gold,41,4.97,Evening,Premium,91,449.5456339145253,449.5456339145253,472.0229156102516,0.38983050186727963,2.5652172797731616,0.38333333333333336,4.940061856862235,0.4099999959,2.5652172797731616,1.5,1,0.38983050186727963,847.295785096406
40,29,Urban,Regular,72,4.3,Afternoon,Economy,147,624.9860100296204,624.9860100296204,656.2353105311014,0.7249999818750005,1.379310297265162,0.7073170731707317,4.251605481483095,0.7199999928,1.379310297265162,1.0,0,0.7249999818750005,711.1909739576727
76,40,Suburban,Silver,77,4.17,Morning,Economy,28,96.03520851587072,96.03520851587072,100.83696894166427,0.5263157825484766,1.8999999525000013,0.5194805194805194,3.4298287530729272,0.7699999923,1.8999999525000013,1.0,0,0.5263157825484766,114.28189767771894
41,26,Urban,Regular,96,3.91,Night,Economy,169,637.7593915947267,637.7593915947267,669.6473611744631,0.6341463259964311,1.5769230162721917,0.6190476190476191,3.7737241882899557,0.9599999904000002,1.5769230162721917,1.0,1,0.6341463259964311,738.3291379396741
83,14,Urban,Regular,80,4.77,Night,Premium,64,295.5887110300315,295.5887110300315,310.3681465815331,0.16867469676295546,5.9285710051020715,0.16666666666666666,4.618573537679031,0.799999992,5.9285710051020715,1.5,1,0.16867469676295546,706.2458657922682
44,17,Rural,Regular,15,4.0,Evening,Economy,98,353.33854512223814,353.33854512223814,371.0054723783501,0.38636362758264486,2.588235141868521,0.37777777777777777,3.6054953215994168,0.1499999985,2.588235141868521,1.0,1,0.38636362758264486,444.7908690684455
91,73,Urban,Gold,61,4.39,Night,Economy,15,62.25429041832141,62.25429041832141,65.36700493923749,0.8021977933824419,1.2465753253893792,0.7934782608695652,4.150285751202378,0.6099999939,1.2465753253893792,1.0,1,0.8021977933824419,70.0147566518318
54,16,Suburban,Regular,8,4.5,Afternoon,Premium,67,266.0685899337195,266.0685899337195,279.3720194304055,0.29629629080932796,3.374999789062513,0.2909090909090909,3.9711729248141285,0.0799999992,3.374999789062513,1.5,0,0.29629629080932796,533.8001001359489
59,37,Rural,Silver,86,4.67,Night,Premium,95,340.1282671016029,340.1282671016029,357.13468045668304,0.6271186334386673,1.5945945514974447,0.6166666666666667,3.580297510750583,0.8599999914,1.5945945514974447,1.5,1,0.6271186334386673,591.547402881977
72,43,Suburban,Gold,28,4.87,Afternoon,Economy,132,443.258155352454,443.258155352454,465.4210631200767,0.5972222139274693,1.6744185657111963,0.589041095890411,3.3580163029881644,0.2799999972,1.6744185657111963,1.0,0,0.5972222139274693,517.4781238249586
47,9,Rural,Gold,49,4.44,Evening,Economy,96,265.05527443495566,265.05527443495566,278.30803815670345,0.19148935762788602,5.2222216419753735,0.1875,2.7609924132704506,0.4899999951000001,5.2222216419753735,1.0,1,0.19148935762788602,403.47301348235044
32,22,Rural,Silver,49,4.65,Night,Economy,60,221.4343854791753,221.4343854791753,232.50610475313405,0.6874999785156257,1.454545388429755,0.6666666666666666,3.6905730298100377,0.4899999951000001,1.454545388429755,1.0,1,0.6874999785156257,253.6430219030264
45,13,Rural,Regular,96,4.84,Night,Economy,112,393.2308288248255,393.2308288248255,412.8923702660668,0.28888888246913597,3.461538195266293,0.2826086956521739,3.5109895117306786,0.9599999904000002,3.461538195266293,1.0,1,0.28888888246913597,529.3491821781611
72,45,Urban,Silver,82,4.42,Night,Premium,40,151.58040412487964,151.58040412487964,159.15942433112363,0.6249999913194446,1.5999999644444454,0.6164383561643836,3.789510008384241,0.8199999918,1.5999999644444454,1.5,1,0.6249999913194446,263.74990236886174
56,15,Urban,Gold,34,4.72,Night,Premium,78,313.9950046053331,313.9950046053331,329.6947548355998,0.2678571380739797,3.733333084444461,0.2631578947368421,4.025576930509695,0.3399999966,3.733333084444461,1.5,1,0.2678571380739797,646.8296977645068
42,22,Rural,Silver,67,3.81,Afternoon,Premium,82,366.1515260551269,366.1515260551269,384.4591023578833,0.5238095113378688,1.9090908223140535,0.5116279069767442,4.465262458412981,0.6699999933,1.9090908223140535,1.5,0,0.5238095113378688,654.0797667779095
52,14,Suburban,Silver,87,3.54,Afternoon,Premium,98,425.97356882411634,425.97356882411634,447.27224726532216,0.2692307640532545,3.714285448979611,0.2641509433962264,4.346669025280074,0.8699999913000002,3.714285448979611,1.5,0,0.2692307640532545,876.2884674861739
81,23,Urban,Gold,39,4.3,Evening,Economy,143,359.0531279855558,359.0531279855558,377.00578438483365,0.2839506137783875,3.5217389773156964,0.2804878048780488,2.510861017305558,0.3899999961,3.5217389773156964,1.0,1,0.2839506137783875,485.5022675609411
77,25,Rural,Regular,70,4.27,Afternoon,Premium,52,260.34417984860374,260.34417984860374,273.36138884103394,0.3246753204587621,3.079999876800005,0.32051282051282054,5.00661874696125,0.699999993,3.079999876800005,1.5,0,0.3246753204587621,510.79527605180033
27,6,Urban,Gold,2,4.42,Night,Economy,86,320.30170917475425,320.30170917475425,336.31679463349195,0.22222221399176983,4.4999992500001245,0.21428571428571427,3.7244384354687887,0.0199999998,4.4999992500001245,1.0,1,0.22222221399176983,464.43745428076943
74,34,Rural,Regular,18,4.66,Morning,Premium,140,454.49212153190336,454.49212153190336,477.21672760849856,0.45945945325054793,2.1764705242214553,0.4533333333333333,3.2463722734680793,0.1799999982,2.1764705242214553,1.5,0,0.45945945325054793,830.1164881986147
92,69,Urban,Silver,88,4.69,Afternoon,Economy,18,45.11502370436019,45.11502370436019,47.3707748895782,0.7499999918478262,1.3333333140096622,0.7419354838709677,2.506390066553896,0.8799999912000002,1.3333333140096622,1.0,0,0.7499999918478262,51.13036011109609
77,34,Rural,Gold,33,4.13,Night,Premium,48,223.6621142931812,223.6621142931812,234.84522000784025,0.4415584358239164,2.264705815743947,0.4358974358974359,4.659627284032373,0.3299999967,2.264705815743947,1.5,1,0.4415584358239164,411.4725050899751
66,6,Rural,Regular,23,4.2,Evening,Economy,45,173.1577542620492,173.1577542620492,181.81564197515166,0.09090908953168046,10.999998166666971,0.08955223880597014,3.8479500092022043,0.22999999770000004,10.999998166666971,1.0,1,0.09090908953168046,363.63125220472034
77,39,Urban,Regular,23,4.29,Morning,Economy,167,592.240499627505,592.240499627505,621.8525246088802,0.5064934999156688,1.9743589237343866,0.5,3.5463502759350582,0.22999999770000004,1.9743589237343866,1.0,0,0.5064934999156688,709.1700311711526
35,16,Urban,Regular,31,4.75,Afternoon,Premium,113,379.3078104185831,379.3078104185831,398.27320093951226,0.4571428440816331,2.1874998632812583,0.4444444444444444,3.356706257184751,0.3099999969,2.1874998632812583,1.5,0,0.4571428440816331,693.4220831426993
48,38,Rural,Gold,40,3.7,Evening,Premium,80,360.7111703191874,360.7111703191874,378.74672883514677,0.7916666501736115,1.2631578614958459,0.7755102040816326,4.508889572628723,0.399999996,1.2631578614958459,1.5,1,0.7916666501736115,609.4120280564882
61,18,Rural,Gold,84,3.93,Evening,Premium,58,203.49261837786293,203.49261837786293,213.66724929675607,0.29508196237570555,3.388888700617294,0.2903225806451613,3.508493359816717,0.8399999916,3.388888700617294,1.5,1,0.29508196237570555,408.6810028287594
71,21,Suburban,Silver,82,4.88,Afternoon,Premium,126,553.5451307734787,553.5451307734787,581.2223873121527,0.2957746437214839,3.380952219954656,0.2916666666666667,4.393215288732249,0.8199999918,3.380952219954656,1.5,0,0.2957746437214839,1111.0441419702706
95,7,Rural,Gold,40,4.68,Evening,Economy,95,283.46644254307614,283.46644254307614,297.63976467022997,0.07368420975069254,13.571426632653338,0.07291666666666667,2.9838572585180936,0.399999996,13.571426632653338,1.0,1,0.07368420975069254,668.1708453223363
76,44,Suburban,Gold,20,3.56,Afternoon,Premium,105,435.14534513079855,435.14534513079855,456.9026123873385,0.5789473608033242,1.72727268801653,0.5714285714285714,4.144241342729116,0.199999998,1.72727268801653,1.5,0,0.5789473608033242,765.4602181904911
32,13,Suburban,Regular,21,4.64,Afternoon,Economy,156,685.7681264991488,685.7681264991488,720.0565328241063,0.4062499873046879,2.461538272189364,0.3939393939393939,4.395949500661534,0.2099999979,2.461538272189364,1.0,0,0.4062499873046879,854.5725754216741
49,30,Rural,Silver,57,4.83,Evening,Economy,154,630.8608868741742,630.8608868741742,662.4039312178829,0.6122448854643902,1.6333332788888906,0.6,4.0964992388160715,0.5699999943,1.6333332788888906,1.0,1,0.6122448854643902,733.901494962269
38,17,Urban,Silver,92,4.41,Afternoon,Premium,138,546.1568747653598,546.1568747653598,573.4647185036279,0.4473684092797787,2.235293986159177,0.4358974358974359,3.957658484113778,0.9199999908000002,2.235293986159177,1.5,0,0.4473684092797787,1002.3584887974148
92,35,Suburban,Regular,46,4.72,Morning,Economy,45,115.35700254441711,115.35700254441711,121.12485267163798,0.380434778473535,2.62857135346939,0.3763440860215054,2.5634888884650717,0.4599999954000001,2.62857135346939,1.0,0,0.380434778473535,145.67941377545216
40,29,Suburban,Silver,26,4.26,Night,Economy,152,404.0498951423794,404.0498951423794,424.2523898994984,0.7249999818750005,1.379310297265162,0.7073170731707317,2.65822297686945,0.2599999974,1.379310297265162,1.0,1,0.7249999818750005,459.78091324025866
55,42,Suburban,Silver,24,4.49,Afternoon,Economy,45,156.03832988580584,156.03832988580584,163.84024638009615,0.7636363497520664,1.309523778344672,0.75,3.4675183648508328,0.23999999760000004,1.309523778344672,1.0,0,0.7636363497520664,176.4719202176711
58,34,Rural,Gold,19,4.55,Morning,Premium,131,501.26295506529306,501.26295506529306,526.3261028185577,0.5862068864447089,1.7058823027681678,0.576271186440678,3.826434742281361,0.1899999981,1.7058823027681678,1.5,0,0.5862068864447089,880.1587732098133
34,5,Urban,Regular,26,4.85,Evening,Premium,152,562.4369764527329,562.4369764527329,590.5588252753696,0.1470588192041524,6.799998640000272,0.14285714285714285,3.700243241792695,0.2599999974,6.799998640000272,1.5,1,0.1470588192041524,1417.3410659237666
70,47,Suburban,Silver,3,3.66,Morning,Premium,53,216.8024750869831,216.8024750869831,227.64259884133224,0.6714285618367348,1.4893616704391135,0.6619718309859155,4.090612660308876,0.029999999700000005,1.4893616704391135,1.5,0,0.6714285618367348,373.63830709810713
51,24,Rural,Gold,25,4.68,Afternoon,Premium,16,120.09069016935676,120.09069016935676,126.0952246778246,0.47058822606689754,2.124999911458337,0.46153846153846156,7.505667666480568,0.24999999750000004,2.124999911458337,1.5,0,0.47058822606689754,218.41494115056315
88,56,Rural,Regular,11,4.36,Afternoon,Economy,60,221.1576532597614,221.1576532597614,232.21553592274947,0.6363636291322315,1.5714285433673476,0.6292134831460674,3.6859608262300094,0.10999999890000002,1.5714285433673476,1.0,0,0.6363636291322315,255.91099815141416
25,8,Suburban,Silver,83,3.53,Evening,Economy,121,492.7012709061221,492.7012709061221,517.3363344514282,0.3199999872000005,3.124999609375049,0.3076923076923077,4.071911296150502,0.8299999917,3.124999609375049,1.0,1,0.3199999872000005,646.6703988181443
34,19,Rural,Regular,51,4.2,Night,Premium,166,754.2344800100251,754.2344800100251,791.9462040105263,0.558823512975779,1.7894735900277057,0.5428571428571428,4.543581177508698,0.5099999949,1.7894735900277057,1.5,1,0.558823512975779,1333.8041224149706
40,15,Urban,Regular,90,3.62,Night,Premium,42,211.52772882563164,211.52772882563164,222.10411526691323,0.3749999906250003,2.6666664888889007,0.36585365853658536,5.036374375934697,0.8999999910000002,2.6666664888889007,1.5,1,0.3749999906250003,401.90267912796105
26,7,Suburban,Gold,58,4.91,Afternoon,Economy,161,460.75927538572495,460.75927538572495,483.7972391550112,0.26923075887574005,3.714285183673545,0.25925925925925924,2.8618588355519634,0.5799999942,3.714285183673545,1.0,0,0.26923075887574005,631.8984103662606
81,42,Suburban,Regular,88,4.14,Afternoon,Economy,47,164.10747354764283,164.10747354764283,172.31284722502497,0.5185185121170555,1.9285713826530624,0.5121951219512195,3.4916482990637134,0.8799999912000002,1.9285713826530624,1.0,0,0.5185185121170555,195.7567712639907
80,56,Suburban,Gold,63,4.57,Night,Premium,43,213.6962129956236,213.6962129956236,224.38102364540478,0.6999999912500001,1.428571403061225,0.691358024691358,4.969679256417311,0.6299999937,1.428571403061225,1.5,1,0.6999999912500001,366.33636431763966
64,19,Rural,Gold,86,4.68,Night,Premium,171,732.9893961300692,732.9893961300692,769.6388659365726,0.2968749953613282,3.3684208753462697,0.2923076923076923,4.286487671599891,0.8599999914,3.3684208753462697,1.5,1,0.2968749953613282,1469.836611694901
45,18,Rural,Gold,68,4.07,Morning,Economy,136,350.6012026111729,350.6012026111729,368.1312627417315,0.39999999111111134,2.4999998611111187,0.391304347826087,2.577950000244286,0.6799999932,2.4999998611111187,1.0,0,0.39999999111111134,438.25149839450523
84,49,Urban,Regular,32,4.25,Night,Premium,53,192.8798062051633,192.8798062051633,202.52379651542148,0.583333326388889,1.7142856793002923,0.5764705882352941,3.6392415578475803,0.3199999968,1.7142856793002923,1.5,1,0.583333326388889,338.91737274830405
34,16,Urban,Silver,47,4.12,Evening,Economy,93,294.11580585015537,294.11580585015537,308.82159614266317,0.47058822145328766,2.1249998671875083,0.45714285714285713,3.162535512770106,0.4699999953000001,2.1249998671875083,1.0,1,0.47058822145328766,356.6154106870881
67,32,Suburban,Regular,40,4.47,Afternoon,Premium,13,82.52418774801069,82.52418774801069,86.65039713541123,0.4776119331699712,2.0937499345703148,0.47058823529411764,6.3480139538459035,0.399999996,2.0937499345703148,1.5,0,0.4776119331699712,149.7040335266959
93,23,Suburban,Silver,34,4.23,Evening,Premium,125,386.169069413996,386.169069413996,405.4775228846958,0.2473118252977223,4.0434780850661705,0.24468085106382978,3.089352530597148,0.3399999966,4.0434780850661705,1.5,1,0.2473118252977223,813.4735295168774
100,51,Urban,Silver,56,3.58,Night,Economy,89,310.9003272621974,310.9003272621974,326.44534362530726,0.5099999949,1.9607842752787399,0.504950495049505,3.493262064819498,0.5599999944,1.9607842752787399,1.0,1,0.5099999949,371.86117454967047
35,22,Suburban,Gold,15,4.23,Morning,Premium,120,373.96284065200393,373.96284065200393,392.66098268460416,0.6285714106122454,1.5909090185950445,0.6111111111111112,3.1163569794637245,0.1499999985,1.5909090185950445,1.5,0,0.6285714106122454,650.18538934991
36,13,Rural,Silver,31,4.71,Night,Economy,71,221.55110013131716,221.55110013131716,232.62865513788302,0.36111110108024724,2.769230556213034,0.35135135135135137,3.120437986068721,0.3099999969,2.769230556213034,1.0,1,0.36111110108024724,282.90370775594283
28,18,Suburban,Regular,100,3.7,Afternoon,Economy,127,531.1127009643968,531.1127009643968,557.6683360126167,0.64285711989796,1.5555554691358071,0.6206896551724138,4.18198973844415,0.9999999900000002,1.5555554691358071,1.0,0,0.64285711989796,613.7302276356627
21,9,Urban,Gold,10,3.88,Morning,Premium,108,324.9426389036563,324.9426389036563,341.18977084883915,0.4285714081632663,2.333333074074103,0.4090909090909091,3.008728110138224,0.099999999,2.333333074074103,1.5,0,0.4285714081632663,601.1438693351073
26,15,Urban,Regular,35,5.0,Morning,Premium,161,493.4068923175674,493.4068923175674,518.0772369334458,0.5769230547337286,1.7333332177777856,0.5555555555555556,3.0646390636827845,0.3499999965,1.7333332177777856,1.5,0,0.5769230547337286,868.3961219265329
97,21,Suburban,Regular,59,3.87,Evening,Premium,174,778.6333560141928,778.6333560141928,817.5650238149025,0.21649484312891915,4.619047399092981,0.21428571428571427,4.474904319191313,0.5899999941,4.619047399092981,1.5,1,0.21649484312891915,1707.431690712949
26,15,Urban,Silver,10,3.71,Morning,Premium,171,720.1572085631501,720.1572085631501,756.1650689913076,0.5769230547337286,1.7333332177777856,0.5555555555555556,4.211445639483652,0.099999999,1.7333332177777856,1.5,0,0.5769230547337286,1267.47667458842
91,56,Urban,Gold,17,4.66,Night,Economy,10,38.23523523879646,38.23523523879646,40.146997000736285,0.6153846086221472,1.6249999709821434,0.6086956521739131,3.8235231415273323,0.1699999983,1.6249999709821434,1.0,1,0.6153846086221472,44.44846085415043
65,48,Rural,Silver,12,4.37,Afternoon,Premium,140,573.5891064527985,573.5891064527985,602.2685617754385,0.7384615271005919,1.3541666384548618,0.7272727272727273,4.097065016826668,0.11999999880000002,1.3541666384548618,1.5,0,0.7384615271005919,976.8939445001249
88,28,Urban,Gold,22,4.99,Night,Premium,154,682.016246966075,682.016246966075,716.1170593143787,0.3181818145661158,3.142857030612249,0.3146067415730337,4.428676899593494,0.21999999780000004,3.142857030612249,1.5,1,0.3181818145661158,1344.5463039644787
82,13,Suburban,Gold,32,3.58,Night,Economy,148,516.4367273015673,516.4367273015673,542.2585636666457,0.1585365834324807,6.3076918224852445,0.1566265060240964,3.4894373230549323,0.3199999968,6.3076918224852445,1.0,1,0.1585365834324807,842.1890994646812
65,40,Urban,Silver,48,3.59,Evening,Economy,121,492.5196024192815,492.5196024192815,517.1455825402456,0.6153846059171599,1.624999959375001,0.6060606060606061,4.070409903709683,0.4799999952000001,1.624999959375001,1.0,1,0.6153846059171599,572.554035811554
41,6,Urban,Silver,56,4.32,Night,Economy,11,49.234784001519046,49.234784001519046,51.696523201595,0.14634145984533026,6.833332194444634,0.14285714285714285,4.475889047784546,0.5599999944,6.833332194444634,1.0,1,0.14634145984533026,82.87854746192981
85,36,Rural,Silver,64,4.32,Evening,Economy,152,506.6928860981053,506.6928860981053,532.0275304030106,0.423529406782007,2.3611110455246935,0.4186046511627907,3.333505807661839,0.6399999936,2.3611110455246935,1.0,1,0.423529406782007,626.3287031036075
35,13,Rural,Silver,80,3.8,Afternoon,Economy,93,304.3133394836575,304.3133394836575,319.5290064578404,0.37142856081632686,2.6923074852071167,0.3611111111111111,3.2721864108760332,0.799999992,2.6923074852071167,1.0,0,0.37142856081632686,386.2438476576801
83,29,Urban,Silver,78,4.42,Afternoon,Premium,23,111.179341237614,111.179341237614,116.7383082994947,0.3493975861518363,2.8620688668252114,0.34523809523809523,4.833884191466513,0.7799999922,2.8620688668252114,1.5,0,0.3493975861518363,214.4994515349677
91,31,Urban,Regular,12,4.39,Night,Economy,39,163.21458328772866,163.21458328772866,171.3753124521151,0.34065933691583145,2.935483776274717,0.33695652173913043,4.18498920776255,0.11999999880000002,2.935483776274717,1.0,1,0.34065933691583145,211.12595941698527
44,28,Rural,Regular,31,4.92,Night,Premium,132,402.856989480614,402.856989480614,422.9998389546447,0.6363636219008268,1.5714285153061245,0.6222222222222222,3.051946866883842,0.3099999969,1.5714285153061245,1.5,1,0.6363636219008268,699.2446283499535
96,12,Suburban,Gold,15,4.97,Night,Economy,90,289.2351908680133,289.2351908680133,303.696950411414,0.12499999869791668,7.999999333333389,0.12371134020618557,3.213724307269878,0.1499999985,7.999999333333389,1.0,1,0.12499999869791668,520.6233242800796
77,46,Suburban,Regular,97,4.2,Afternoon,Premium,25,150.53929481479082,150.53929481479082,158.06625955553037,0.5974025896441222,1.6739130070888477,0.5897435897435898,6.021571551728771,0.9699999903000002,1.6739130070888477,1.5,0,0.5974025896441222,263.6073947724554
91,80,Rural,Gold,74,4.74,Night,Economy,46,194.93555934032696,194.93555934032696,204.68233730734332,0.8791208694602103,1.1374999857812502,0.8695652173913043,4.23772945875212,0.7399999926,1.1374999857812502,1.0,1,0.8791208694602103,217.10947893811513
93,42,Rural,Silver,75,4.66,Morning,Economy,160,674.6485035775572,674.6485035775572,708.3809287564351,0.45161289836975377,2.2142856615646274,0.44680851063829785,4.216553121006275,0.7499999925,2.2142856615646274,1.0,0,0.45161289836975377,824.034954384339
41,9,Rural,Silver,73,3.51,Morning,Economy,150,551.5572340398235,551.5572340398235,579.1350957418147,0.21951218976799539,4.555555049382773,0.21428571428571427,3.677048202418502,0.7299999927,4.555555049382773,1.0,0,0.21951218976799539,802.8221682951948
61,44,Suburban,Regular,69,4.54,Afternoon,Economy,52,132.2147645898824,132.2147645898824,138.82550281937654,0.721311463585058,1.3863636048553727,0.7096774193548387,2.542591577832516,0.6899999931,1.3863636048553727,1.0,0,0.721311463585058,150.5445383550758
83,10,Urban,Gold,28,3.91,Afternoon,Economy,23,70.11182411078714,70.11182411078714,73.6174153163265,0.1204819262592539,8.299999170000083,0.11904761904761904,3.048340046193352,0.2799999972,8.299999170000083,1.0,0,0.1204819262592539,128.30463230345964
59,22,Rural,Regular,79,4.38,Morning,Premium,93,346.2847096470098,346.2847096470098,363.5989451293603,0.37288134961218056,2.6818180599173607,0.36666666666666664,3.7234914615432078,0.7899999921,2.6818180599173607,1.5,0,0.37288134961218056,658.7279527012032
42,31,Suburban,Gold,62,4.95,Night,Premium,13,102.04473025177862,102.04473025177862,107.14696676436755,0.7380952205215424,1.354838665972946,0.7209302325581395,7.8495940309372765,0.6199999938,1.354838665972946,1.5,1,0.7380952205215424,173.80521730825126
81,16,Suburban,Regular,73,4.89,Night,Economy,125,494.1401793052489,494.1401793052489,518.8471882705114,0.19753086175887827,5.062499683593769,0.1951219512195122,3.95312140281702,0.7299999927,5.062499683593769,1.0,1,0.19753086175887827,744.2986294436281
72,19,Rural,Gold,89,4.74,Morning,Premium,45,183.658314681842,183.658314681842,192.84123041593412,0.26388888522376547,3.789473484764553,0.2602739726027397,4.0812957911232495,0.8899999911000002,3.789473484764553,1.5,0,0.26388888522376547,379.8827190842707
43,9,Rural,Silver,2,4.12,Morning,Economy,126,436.5576476487414,436.5576476487414,458.3855300311785,0.20930232071389954,4.777777246913639,0.20454545454545456,3.4647432078095095,0.0199999998,4.777777246913639,1.0,0,0.20930232071389954,645.1351672389712
74,33,Urban,Silver,82,4.13,Afternoon,Economy,10,31.362081322241885,31.362081322241885,32.93018538835398,0.4459459399196495,2.242424174471995,0.44,3.136207818603407,0.8199999918,2.242424174471995,1.0,0,0.4459459399196495,38.39479025411707
68,45,Rural,Silver,65,4.19,Evening,Economy,112,323.4791093139413,323.4791093139413,339.6530647796384,0.6617646961505192,1.511111077530865,0.6521739130434783,2.888206307372634,0.6499999935,1.511111077530865,1.0,1,0.6617646961505192,372.3603958573527
36,13,Urban,Silver,84,4.88,Evening,Premium,140,505.3840569466695,505.3840569466695,530.653259794003,0.36111110108024724,2.769230556213034,0.35135135135135137,3.6098860952627385,0.8399999916,2.769230556213034,1.5,1,0.36111110108024724,968.0048313879479
51,5,Urban,Gold,0,4.59,Afternoon,Premium,92,320.8576215627125,320.8576215627125,336.9005026408481,0.09803921376393698,10.199997960000408,0.09615384615384616,3.487582805164453,0.0,10.199997960000408,1.5,0,0.09803921376393698,972.1984951526064
63,23,Urban,Silver,48,4.09,Evening,Economy,49,214.5660524456202,214.5660524456202,225.2943550679012,0.3650793592844546,2.739130315689986,0.359375,4.3788989401371685,0.4799999952000001,2.739130315689986,1.0,1,0.3650793592844546,273.33849034279274
96,29,Urban,Regular,84,3.65,Night,Economy,176,758.5015334295354,758.5015334295354,796.4266101010121,0.30208333018663197,3.3103447134363893,0.29896907216494845,4.309667779090157,0.8399999916,3.3103447134363893,1.0,1,0.30208333018663197,1009.5916875617212
94,59,Suburban,Regular,84,4.38,Morning,Premium,175,665.7295341217325,665.7295341217325,699.0160108278192,0.6276595677908556,1.593220311979317,0.6210526315789474,3.804168744671793,0.8399999916,1.593220311979317,1.5,0,0.6276595677908556,1157.6923735896896
74,32,Suburban,Regular,2,4.7,Evening,Premium,38,171.06636292972274,171.06636292972274,179.61968107620888,0.43243242658875103,2.3124999277343776,0.4266666666666667,4.501746274420434,0.0199999998,2.3124999277343776,1.5,1,0.43243242658875103,315.93818718149913
91,13,Rural,Silver,32,3.6,Morning,Premium,160,647.3526381087524,647.3526381087524,679.7202700141901,0.14285714128728416,6.999999461538503,0.14130434782608695,4.045953962892491,0.3199999968,6.999999461538503,1.5,0,0.14285714128728416,1650.7491748911482
69,12,Suburban,Regular,42,4.34,Afternoon,Premium,158,608.1282399929386,608.1282399929386,638.5346519925855,0.173913040957782,5.749999520833374,0.17142857142857143,3.8489128869875042,0.4199999958,5.749999520833374,1.5,0,0.173913040957782,1436.7029232741038
51,20,Rural,Silver,57,3.68,Night,Economy,67,246.92292493661097,246.92292493661097,259.26907118344155,0.39215685505574793,2.549999872500006,0.38461538461538464,3.6854167350924514,0.5699999943,2.549999872500006,1.0,1,0.39215685505574793,309.88826764717965
45,17,Rural,Gold,10,4.93,Night,Premium,148,430.0665305032927,430.0665305032927,451.56985702845736,0.37777776938271623,2.6470586678200783,0.3695652173913043,2.905854916198904,0.099999999,2.6470586678200783,1.5,1,0.37777776938271623,815.8614963511465
92,34,Suburban,Regular,98,3.99,Night,Economy,140,396.6387527092545,396.6387527092545,416.47069034471724,0.36956521337429116,2.705882273356404,0.3655913978494624,2.8331339276865757,0.9799999902000002,2.705882273356404,1.0,1,0.36956521337429116,503.9645296974711
69,36,Suburban,Gold,55,4.74,Morning,Economy,109,436.0114486061054,436.0114486061054,457.81202103641067,0.5217391228733461,1.9166666134259276,0.5142857142857142,4.000104996385325,0.5499999945,1.9166666134259276,1.0,0,0.5217391228733461,519.5803072675851
56,14,Suburban,Silver,30,3.67,Night,Economy,48,202.9454568505992,202.9454568505992,213.09272969312914,0.24999999553571436,3.999999714285735,0.24561403508771928,4.2280302629701865,0.299999997,3.999999714285735,1.0,1,0.24999999553571436,284.1236337923977
43,26,Rural,Regular,59,4.91,Afternoon,Economy,175,731.7816872483901,731.7816872483901,768.3707716108096,0.6046511487290431,1.6538460902366887,0.5909090909090909,4.18160961752446,0.5899999941,1.6538460902366887,1.0,0,0.6046511487290431,852.8071154846458
86,48,Urban,Silver,37,4.15,Night,Economy,84,216.05054809363543,216.05054809363543,226.8530754983172,0.5581395283937264,1.7916666293402788,0.5517241379310345,2.5720303038286323,0.3699999963,1.7916666293402788,1.0,1,0.5581395283937264,254.75960382063977
61,34,Urban,Gold,82,3.99,Night,Premium,10,83.86835620425342,83.86835620425342,88.0617740144661,0.5573770400429994,1.794117594290659,0.5483870967741935,8.386834781741864,0.8199999918,1.794117594290659,1.5,1,0.5573770400429994,148.3729883269232
50,36,Suburban,Gold,18,4.61,Night,Economy,145,572.2420492964254,572.2420492964254,600.8541517612467,0.7199999856000003,1.3888888503086432,0.7058823529411765,3.946496864482266,0.1799999982,1.3888888503086432,1.0,1,0.7199999856000003,651.7201094909828
73,34,Urban,Regular,95,4.31,Morning,Premium,21,118.8070474355678,118.8070474355678,124.74739980734618,0.46575341827735045,2.147058760380625,0.4594594594594595,5.657478179909029,0.9499999905000002,2.147058760380625,1.5,0,0.46575341827735045,216.47342795207555
76,7,Urban,Gold,76,4.35,Morning,Economy,72,245.8935711917164,245.8935711917164,258.18824975130224,0.0921052619459834,10.85714130612267,0.09090909090909091,3.4151884413406663,0.7599999924,10.85714130612267,1.0,0,0.0921052619459834,512.8636960612764
87,41,Urban,Regular,87,4.36,Night,Economy,87,387.1117403297744,387.1117403297744,406.4673273462632,0.47126436239926023,2.1219511677572886,0.4659090909090909,4.449560182531198,0.8699999913000002,2.1219511677572886,1.0,1,0.47126436239926023,469.2549612743066
53,33,Rural,Regular,40,3.8,Morning,Premium,139,507.9505746530285,507.9505746530285,533.34810338568,0.6226414976860095,1.6060605573921045,0.6111111111111112,3.654320654666963,0.399999996,1.6060605573921045,1.5,0,0.6226414976860095,884.2957694377751
71,8,Suburban,Silver,57,3.68,Night,Economy,75,249.302974601016,249.302974601016,261.7681233310668,0.11267605475104149,8.87499889062514,0.1111111111111111,3.3240396170263518,0.5699999943,8.87499889062514,1.0,1,0.11267605475104149,470.55933690237237
32,5,Rural,Gold,80,3.55,Night,Economy,14,45.91711193197189,45.91711193197189,48.21296752857049,0.15624999511718765,6.399998720000256,0.15151515151515152,3.2797934751556013,0.799999992,6.399998720000256,1.0,1,0.15624999511718765,75.30405769104475
91,30,Suburban,Gold,34,3.69,Afternoon,Economy,96,424.6120578300381,424.6120578300381,445.84266072154,0.32967032604757884,3.0333332322222253,0.32608695652173914,4.42304222298954,0.3399999966,3.0333332322222253,1.0,0,0.32967032604757884,553.4110444118502
47,37,Suburban,Gold,64,3.75,Morning,Economy,31,85.97357530080251,85.97357530080251,90.27225406584263,0.7872340258035314,1.2702702359386424,0.7708333333333334,2.77334104927295,0.6399999936,1.2702702359386424,1.0,0,0.7872340258035314,96.89454267898641
23,13,Rural,Silver,42,4.55,Night,Economy,87,328.9669925908357,328.9669925908357,345.41534222037745,0.5652173667296797,1.7692306331361052,0.5416666666666666,3.781229756432252,0.4199999958,1.7692306331361052,1.0,1,0.5652173667296797,387.16884064907214
57,20,Rural,Regular,92,3.74,Morning,Economy,53,172.62943414987132,172.62943414987132,181.2609058573649,0.35087718682671604,2.849999857500007,0.3448275862068966,3.2571590734474007,0.9199999908000002,2.849999857500007,1.0,0,0.35087718682671604,221.82882042261534
48,17,Suburban,Silver,2,4.09,Evening,Economy,85,261.9435328532634,261.9435328532634,275.04070949592654,0.35416665928819463,2.82352924567475,0.3469387755102041,3.081688585547939,0.0199999998,2.82352924567475,1.0,1,0.35416665928819463,335.9040554259187
22,5,Urban,Gold,39,4.92,Evening,Economy,56,199.0416803252397,199.0416803252397,208.9937643415017,0.2272727169421492,4.399999120000176,0.21739130434782608,3.554315656623644,0.3899999961,4.399999120000176,1.0,1,0.2272727169421492,286.6200021526808
60,19,Urban,Silver,37,4.22,Evening,Economy,68,232.2834549147445,232.2834549147445,243.89762766048176,0.316666661388889,3.1578945706371275,0.3114754098360656,3.4159331102766384,0.3699999963,3.1578945706371275,1.0,1,0.316666661388889,305.63612102715507
94,42,Rural,Regular,0,4.23,Morning,Premium,36,185.311838106628,185.311838106628,194.5774300119594,0.4468085058850159,2.2380951848072574,0.4421052631578947,5.147550915529919,0.0,2.2380951848072574,1.5,0,0.4468085058850159,340.1795870430759
43,6,Suburban,Silver,34,4.4,Morning,Premium,24,153.76143970087224,153.76143970087224,161.44951168591587,0.13953488047593302,7.166665472222421,0.13636363636363635,6.406726387256077,0.3399999966,7.166665472222421,1.5,0,0.13953488047593302,395.93567968082607
97,18,Suburban,Regular,53,4.25,Night,Premium,26,126.4771352873347,126.4771352873347,132.80099205170146,0.18556700839621643,5.388888589506189,0.1836734693877551,4.86450501626268,0.5299999947,5.388888589506189,1.5,1,0.18556700839621643,291.9513816085044
47,17,Rural,Silver,7,4.8,Morning,Economy,173,609.5038276051239,609.5038276051239,639.9790189853801,0.3617021199637847,2.764705719723193,0.3541666666666667,3.523143491803355,0.0699999993,2.764705719723193,1.0,0,0.3617021199637847,778.0136994424304
39,28,Urban,Silver,72,3.76,Afternoon,Premium,87,287.1624375675698,287.1624375675698,301.52055944594827,0.717948699539777,1.3928570931122466,0.7,3.300717635251174,0.7199999928,1.3928570931122466,1.5,0,0.717948699539777,490.7400920575636
50,39,Suburban,Regular,94,3.81,Evening,Premium,139,406.32480651562713,406.32480651562713,426.6410468414085,0.7799999844000004,1.2820512491781733,0.7647058823529411,2.923200025844799,0.9399999906000002,1.2820512491781733,1.5,1,0.7799999844000004,687.6265936382565
35,17,Urban,Regular,78,4.4,Evening,Premium,61,249.03711265544783,249.03711265544783,261.48896828822024,0.4857142718367351,2.058823408304505,0.4722222222222222,4.082575550374956,0.7799999922,2.058823408304505,1.5,1,0.4857142718367351,450.464184543912
28,8,Suburban,Regular,69,3.86,Evening,Premium,175,620.9016915662245,620.9016915662245,651.9467761445358,0.28571427551020445,3.499999562500055,0.27586206896551724,3.5480096458183707,0.6899999931,3.499999562500055,1.5,1,0.28571427551020445,1257.3258846749363
51,32,Rural,Regular,98,4.44,Morning,Premium,51,267.0607016773296,267.0607016773296,280.41373676119605,0.6274509680891968,1.5937499501953143,0.6153846153846154,5.236484243938144,0.9799999902000002,1.5937499501953143,1.5,0,0.6274509680891968,464.4352495155998
54,12,Suburban,Silver,84,4.98,Evening,Premium,172,715.7547930992089,715.7547930992089,751.5425327541693,0.22222221810699597,4.499999625000031,0.21818181818181817,4.161365051964208,0.8399999916,4.499999625000031,1.5,1,0.22222221810699597,1556.7666347295753
65,10,Urban,Regular,77,4.36,Afternoon,Economy,170,430.385487919734,430.385487919734,451.9047623157207,0.15384615147928998,6.499999350000065,0.15151515151515152,2.531679325812086,0.7699999923,6.499999350000065,1.0,0,0.15384615147928998,710.1360270925071
61,26,Rural,Gold,21,3.85,Morning,Premium,126,604.273047008686,604.273047008686,634.4866993591204,0.42622950120935243,2.3461537559171632,0.41935483870967744,4.795817795340224,0.2099999979,2.3461537559171632,1.5,0,0.42622950120935243,1119.0671923388697
46,9,Suburban,Silver,67,4.22,Evening,Premium,47,243.5250631593867,243.5250631593867,255.70131631735603,0.19565216965973545,5.11111054320994,0.19148936170212766,5.1813842122979255,0.6699999933,5.11111054320994,1.5,1,0.19565216965973545,551.9901224165512
73,50,Urban,Regular,7,4.22,Night,Economy,45,176.2144067384048,176.2144067384048,185.02512707532503,0.6849314974666918,1.4599999708000007,0.6756756756756757,3.9158756182784265,0.0699999993,1.4599999708000007,1.0,1,0.6849314974666918,201.94170960766584
86,49,Urban,Regular,99,3.51,Night,Economy,130,471.4796320940979,471.4796320940979,495.0536136988028,0.5697674352352624,1.7551020049979185,0.5632183908045977,3.626766372825627,0.9899999901000002,1.7551020049979185,1.0,1,0.5697674352352624,554.2291168545012
75,7,Suburban,Gold,100,4.13,Morning,Economy,134,453.3769493913552,453.3769493913552,476.04579686092296,0.09333333208888892,10.714284183673687,0.09210526315789473,3.383410044835412,0.9999999900000002,10.714284183673687,1.0,0,0.09333333208888892,939.1378972019575
39,29,Suburban,Silver,12,4.24,Evening,Economy,97,251.1073064574406,251.1073064574406,263.6626717803126,0.7435897245233405,1.344827539833533,0.725,2.5887350914299536,0.11999999880000002,1.344827539833533,1.0,1,0.7435897245233405,284.8769085751791
33,6,Rural,Gold,90,4.81,Night,Premium,139,521.8019208244536,521.8019208244536,547.8920168656764,0.18181817630854014,5.499999083333486,0.17647058823529413,3.753970626406353,0.8999999910000002,5.499999083333486,1.5,1,0.18181817630854014,1213.1893941691028
40,29,Suburban,Silver,6,4.94,Night,Premium,71,346.4926515319707,346.4926515319707,363.81728410856925,0.7249999818750005,1.379310297265162,0.7073170731707317,4.8801781218562335,0.05999999940000001,1.379310297265162,1.5,1,0.7249999818750005,591.4271096256696
54,35,Suburban,Silver,66,4.4,Night,Economy,77,234.0714535105622,234.0714535105622,245.77502618609032,0.6481481361454049,1.5428570987755115,0.6363636363636364,3.0398889671516005,0.6599999934,1.5428570987755115,1.0,1,0.6481481361454049,270.1853338775095
53,26,Urban,Gold,54,4.6,Night,Premium,52,184.0244513007148,184.0244513007148,193.22567386575054,0.4905660284798863,2.0384614600591746,0.48148148148148145,3.538931687726598,0.5399999946,2.0384614600591746,1.5,1,0.4905660284798863,332.3056897038287
81,34,Urban,Silver,98,3.55,Afternoon,Premium,164,554.8869659163038,554.8869659163038,582.631314212119,0.4197530812376163,2.3823528711072686,0.4146341463414634,3.383457088614919,0.9799999902000002,2.3823528711072686,1.5,0,0.4197530812376163,1030.6209323330618
45,20,Urban,Regular,80,4.73,Morning,Economy,63,192.61977241404605,192.61977241404605,202.25076103474836,0.4444444345679015,2.2499998875000053,0.43478260869565216,3.0574566564538,0.799999992,2.2499998875000053,1.0,0,0.4444444345679015,235.95921904023407
20,9,Urban,Silver,77,3.91,Evening,Economy,89,227.796524806166,227.796524806166,239.1863510464743,0.4499999775000011,2.2222219753086696,0.42857142857142855,2.5595114859174664,0.7699999923,2.2222219753086696,1.0,1,0.4499999775000011,278.41796913848685
47,22,Rural,Silver,11,4.8,Afternoon,Premium,119,416.601648993299,416.601648993299,437.431731442964,0.46808509642372137,2.1363635392562026,0.4583333333333333,3.5008541638020576,0.10999999890000002,2.1363635392562026,1.5,0,0.46808509642372137,758.4043594854427
33,18,Urban,Gold,90,3.61,Evening,Premium,146,671.7128294096442,671.7128294096442,705.2984708801264,0.5454545289256204,1.833333231481487,0.5294117647058824,4.600772772663503,0.8999999910000002,1.833333231481487,1.5,1,0.5454545289256204,1192.2902619398396
78,57,Rural,Silver,5,4.82,Morning,Premium,127,552.6397714448676,552.6397714448676,580.271760017111,0.7307692214003946,1.3684210286241925,0.7215189873417721,4.3514942290816805,0.0499999995,1.3684210286241925,1.5,0,0.7307692214003946,942.3962398421851
26,12,Rural,Silver,9,3.75,Afternoon,Economy,115,321.37240510655704,321.37240510655704,337.4410253618849,0.4615384437869829,2.166666486111126,0.4444444444444444,2.794542628800125,0.0899999991,2.166666486111126,1.0,0,0.4615384437869829,391.00308707708757
62,21,Rural,Regular,61,4.57,Night,Economy,56,215.4338699200544,215.4338699200544,226.20556341605715,0.33870967195629564,2.95238081179139,0.3333333333333333,3.8470333227325195,0.6099999939,2.95238081179139,1.0,1,0.33870967195629564,279.0381522962475
84,59,Suburban,Silver,67,4.27,Morning,Premium,164,758.9961232252967,758.9961232252967,796.9459293865616,0.7023809440192745,1.4237287894283257,0.6941176470588235,4.628025113397998,0.6699999933,1.4237287894283257,1.5,0,0.7023809440192745,1300.584879592997
49,8,Urban,Regular,1,4.06,Afternoon,Premium,157,694.4247148756359,694.4247148756359,729.1459506194177,0.16326530279050402,6.124999234375096,0.16,4.423087327723239,0.0099999999,6.124999234375096,1.5,0,0.16326530279050402,1679.6396993551161
34,22,Suburban,Gold,34,3.64,Morning,Economy,176,617.3632185255483,617.3632185255483,648.2313794518258,0.6470588044982705,1.5454544752066146,0.6285714285714286,3.5077455398738793,0.3399999966,1.5454544752066146,1.0,0,0.6470588044982705,712.7738934153751
49,30,Rural,Silver,86,3.62,Afternoon,Premium,69,328.63536897966003,328.63536897966003,345.06713742864304,0.6122448854643902,1.6333332788888906,0.6,4.7628313654612855,0.8599999914,1.6333332788888906,1.5,0,0.6122448854643902,573.4687161856514
83,50,Rural,Regular,7,3.66,Evening,Premium,100,376.3000600585162,376.3000600585162,395.115063061442,0.6024096312962696,1.6599999668000007,0.5952380952380952,3.763000562955156,0.0699999993,1.6599999668000007,1.5,1,0.6024096312962696,658.1488031683706
88,5,Urban,Silver,89,3.59,Night,Economy,27,70.20380336705749,70.20380336705749,73.71399353541037,0.05681818117252067,17.599996480000705,0.056179775280898875,2.6001407691450638,0.8899999911000002,17.599996480000705,1.0,1,0.05681818117252067,193.76247258134484
90,71,Suburban,Gold,88,3.84,Morning,Economy,167,451.6848649701074,451.6848649701074,474.2691082186128,0.7888888801234569,1.2676056159492166,0.7802197802197802,2.7046997740443572,0.8799999912000002,1.2676056159492166,1.0,0,0.7888888801234569,508.9406921176446
65,5,Rural,Silver,24,3.54,Night,Economy,119,301.40392677127403,301.40392677127403,316.47412310983776,0.07692307573964499,12.99999740000052,0.07575757575757576,2.532806086037546,0.23999999760000004,12.99999740000052,1.0,1,0.07692307573964499,693.228953208925
73,28,Urban,Silver,22,4.57,Afternoon,Economy,53,153.39607111804412,153.39607111804412,161.06587467394633,0.38356163858134745,2.6071427640306153,0.3783783783783784,2.8942654381845037,0.21999999780000004,2.6071427640306153,1.0,0,0.38356163858134745,193.38861680265754
85,62,Suburban,Silver,54,3.78,Morning,Economy,114,339.66230419418656,339.66230419418656,356.6454194038959,0.7294117561245675,1.3709677198231014,0.7209302325581395,2.979493870304322,0.5399999946,1.3709677198231014,1.0,0,0.7294117561245675,386.22890966328305
65,27,Rural,Gold,62,3.54,Night,Premium,162,733.4425366578176,733.4425366578176,770.1146634907086,0.41538460899408297,2.4074073182441733,0.4090909090909091,4.527423037841942,0.6199999938,2.4074073182441733,1.5,1,0.41538460899408297,1365.0180445259664
74,42,Urban,Gold,88,3.5,Evening,Economy,77,203.8363809804033,203.8363809804033,214.0282000294235,0.5675675598977357,1.7619047199546496,0.56,2.6472256926386706,0.8799999912000002,1.7619047199546496,1.0,1,0.5675675598977357,239.75040915518798
41,7,Rural,Gold,68,4.3,Evening,Premium,66,284.5088586099128,284.5088586099128,298.73430154040847,0.1707317031528853,5.857142020408283,0.16666666666666666,4.31074021665413,0.6799999932,5.857142020408283,1.5,1,0.1707317031528853,676.7246065562472
79,23,Urban,Gold,88,3.88,Night,Economy,164,492.1134583590864,492.1134583590864,516.7191312770408,0.29113923682102233,3.4347824593572844,0.2875,3.0006918009658206,0.8799999912000002,3.4347824593572844,1.0,1,0.29113923682102233,661.1437258376305
53,7,Urban,Silver,64,4.55,Night,Premium,10,86.19117981050438,86.19117981050438,90.5007388010296,0.13207546920612323,7.571427489796073,0.12962962962962962,8.619117119138727,0.6399999936,7.571427489796073,1.5,1,0.13207546920612323,227.17530994503795
35,14,Urban,Silver,74,5.0,Night,Premium,175,727.8809447636283,727.8809447636283,764.2749920018098,0.39999998857142893,2.499999821428584,0.3888888888888889,4.15931966059605,0.7399999926,2.499999821428584,1.5,1,0.39999998857142893,1364.7767519349936
53,40,Rural,Gold,79,3.66,Evening,Premium,30,158.65264164620277,158.65264164620277,166.5852737285129,0.7547169668921327,1.324999966875001,0.7407407407407407,5.288421211926051,0.7899999921,1.324999966875001,1.5,1,0.7547169668921327,269.5111742081816
36,23,Urban,Silver,42,4.66,Morning,Economy,14,44.52503661261306,44.52503661261306,46.75128844324371,0.6388888711419759,1.5652173232514206,0.6216216216216216,3.180359530875252,0.4199999958,1.5652173232514206,1.0,0,0.6388888711419759,51.49417247505963
38,25,Urban,Regular,2,4.24,Morning,Premium,128,452.4258268814717,452.4258268814717,475.0471182255453,0.6578947195290864,1.5199999392000023,0.6410256410256411,3.534576744897617,0.0199999998,1.5199999392000023,1.5,0,0.6578947195290864,781.7918247250598
52,36,Rural,Silver,1,4.52,Morning,Premium,36,152.64047921471024,152.64047921471024,160.27250317544576,0.6923076789940831,1.444444404320989,0.6792452830188679,4.240013193741585,0.0099999999,1.444444404320989,1.5,0,0.6923076789940831,262.0328217332497
91,64,Suburban,Regular,26,4.56,Morning,Premium,96,420.2245689053783,420.2245689053783,441.23579735064726,0.7032966955681682,1.4218749777832036,0.6956521739130435,4.377339213833741,0.2599999974,1.4218749777832036,1.5,0,0.7032966955681682,719.9628732945112
87,5,Urban,Silver,59,4.32,Night,Economy,42,151.35930066309265,151.35930066309265,158.9272656962473,0.057471263707226855,17.399996520000695,0.056818181818181816,3.6037927871261877,0.5899999941,17.399996520000695,1.0,1,0.057471263707226855,414.72443114384777
96,20,Suburban,Gold,88,3.6,Evening,Premium,71,242.27196569085137,242.27196569085137,254.38556397539395,0.20833333116319447,4.799999760000012,0.20618556701030927,3.412281158853102,0.8799999912000002,4.799999760000012,1.5,1,0.20833333116319447,537.8437551118998
83,59,Urban,Gold,8,4.85,Morning,Economy,31,119.0485543701777,119.0485543701777,125.00098208868658,0.710843364929598,1.4067796371732266,0.7023809523809523,3.8402758235452215,0.0799999992,1.4067796371732266,1.0,0,0.710843364929598,135.79606258246525
48,23,Rural,Gold,0,4.46,Afternoon,Economy,174,472.56954081275165,472.56954081275165,496.1980178533893,0.479166656684028,2.0869564310018944,0.46938775510204084,2.715916885613993,0.0,2.0869564310018944,1.0,0,0.479166656684028,571.1927450422301
65,19,Suburban,Silver,24,4.59,Evening,Economy,96,334.6493506052282,334.6493506052282,351.38181813548965,0.292307687810651,3.421052451523555,0.2878787878787879,3.4859306991593493,0.23999999760000004,3.421052451523555,1.0,1,0.292307687810651,449.13464873410635
79,29,Suburban,Silver,0,4.86,Morning,Economy,127,406.0855256604135,406.0855256604135,426.3898019434342,0.3670886029482455,2.724137837098695,0.3625,3.1975237989203915,0.0,2.724137837098695,1.0,0,0.3670886029482455,516.7088202153781
100,22,Suburban,Silver,45,4.23,Night,Premium,141,551.365137615676,551.365137615676,578.9333944964598,0.21999999780000004,4.545454338842984,0.21782178217821782,3.910391019186418,0.4499999955000001,4.545454338842984,1.5,1,0.21999999780000004,1202.978464982804
73,63,Suburban,Silver,25,4.19,Afternoon,Economy,129,534.0181945871103,534.0181945871103,560.7191043164659,0.8630136868080317,1.158730140337617,0.8513513513513513,4.139675894941353,0.24999999750000004,1.158730140337617,1.0,0,0.8630136868080317,595.8964923427866
79,67,Rural,Gold,56,4.01,Evening,Premium,151,501.2363000548165,501.2363000548165,526.2981150575574,0.8481012550873259,1.1791044600133662,0.8375,3.3194456737441778,0.5599999944,1.1791044600133662,1.5,1,0.8481012550873259,840.5059436195097
88,55,Rural,Regular,56,4.0,Night,Premium,26,159.60691863182956,159.60691863182956,167.58726456342103,0.6249999928977273,1.5999999709090915,0.6179775280898876,6.138727403580852,0.5599999944,1.5999999709090915,1.5,1,0.6249999928977273,277.7160377229169
76,34,Suburban,Silver,10,4.92,Morning,Economy,103,359.8010509571677,359.8010509571677,377.7911035050261,0.44736841516620507,2.235294051903116,0.44155844155844154,3.493214053048094,0.099999999,2.235294051903116,1.0,0,0.44736841516620507,440.2271658644724
49,30,Suburban,Silver,80,3.74,Night,Economy,85,348.6695624527248,348.6695624527248,366.10304057536104,0.6122448854643902,1.6333332788888906,0.6,4.101994804126235,0.799999992,1.6333332788888906,1.0,1,0.6122448854643902,405.6189224216912
100,64,Rural,Regular,7,4.89,Night,Premium,115,490.5040759704239,490.5040759704239,515.0292797689451,0.6399999936,1.562499975585938,0.6336633663366337,4.265252797436271,0.0699999993,1.562499975585938,1.5,1,0.6399999936,850.7180049649244
87,26,Rural,Gold,63,4.2,Morning,Premium,118,485.683239513509,485.683239513509,509.9674014891845,0.29885057127757964,3.346153717455626,0.29545454545454547,4.115959622013131,0.6299999937,3.346153717455626,1.5,0,0.29885057127757964,972.3004758808664
22,5,Rural,Silver,93,4.85,Evening,Economy,99,424.9275101964327,424.9275101964327,446.17388570625434,0.2272727169421492,4.399999120000176,0.21739130434782608,4.292197029335714,0.9299999907000002,4.399999120000176,1.0,1,0.2272727169421492,611.8955772892497
21,11,Rural,Silver,23,3.76,Afternoon,Economy,12,40.442890652890384,40.442890652890384,42.4650351855349,0.5238094988662143,1.909090735537206,0.5,3.3702406068874815,0.22999999770000004,1.909090735537206,1.0,0,0.5238094988662143,48.16380543926812
93,57,Suburban,Regular,34,4.89,Morning,Premium,80,258.424915281181,258.424915281181,271.34616104524,0.6129032192160945,1.6315789187442296,0.6063829787234043,3.2303114006358697,0.3399999966,1.6315789187442296,1.5,0,0.6129032192160945,450.8834694994273
28,15,Rural,Gold,90,4.25,Night,Premium,177,511.929390993806,511.929390993806,537.5258605434964,0.5357142665816333,1.8666665422222306,0.5172413793103449,2.8922564299522575,0.8999999910000002,1.8666665422222306,1.5,1,0.5357142665816333,911.23430641296
97,7,Urban,Silver,22,3.74,Afternoon,Premium,147,441.74670095471794,441.74670095471794,463.83403600245384,0.07216494770963972,13.857140877551302,0.07142857142857142,3.0050795778886963,0.21999999780000004,13.857140877551302,1.5,0,0.07216494770963972,1580.821991530535
48,12,Urban,Silver,51,4.63,Night,Premium,32,175.5180543386476,175.5180543386476,184.29395705558,0.2499999947916668,3.9999996666666946,0.24489795918367346,5.4849390266783935,0.5099999949,3.9999996666666946,1.5,1,0.2499999947916668,368.58790533525803
70,37,Urban,Silver,10,3.65,Night,Premium,168,658.5834276725151,658.5834276725151,691.5125990561409,0.5285714210204083,1.89189184075968,0.5211267605633803,3.920139427097474,0.099999999,1.89189184075968,1.5,1,0.5285714210204083,1174.7704334997488
78,12,Rural,Silver,99,4.3,Afternoon,Economy,95,299.2909931126892,299.2909931126892,314.25554276832366,0.1538461518737673,6.499999458333379,0.1518987341772152,3.1504314732869236,0.9899999901000002,6.499999458333379,1.0,0,0.1538461518737673,493.83012242434313
25,7,Rural,Regular,24,3.85,Evening,Premium,144,494.8027992189699,494.8027992189699,519.5429391799184,0.27999998880000043,3.571428061224563,0.2692307692307692,3.436130526269718,0.23999999760000004,3.571428061224563,1.5,1,0.27999998880000043,1007.2770891139188
24,9,Urban,Gold,6,4.05,Afternoon,Premium,69,223.51901195083732,223.51901195083732,234.6949625483792,0.37499998437500065,2.6666663703704034,0.36,3.239405923354078,0.05999999940000001,2.6666663703704034,1.5,0,0.37499998437500065,424.6861127724137
92,37,Rural,Silver,7,4.92,Morning,Premium,103,434.5710508212173,434.5710508212173,456.29960336227816,0.40217390867202274,2.486486419284151,0.3978494623655914,4.219136374777484,0.0699999993,2.486486419284151,1.5,0,0.40217390867202274,813.9398286439759
43,33,Rural,Gold,16,4.01,Morning,Premium,159,630.4284012724294,630.4284012724294,661.9498213360508,0.7674418426176316,1.3030302635445377,0.75,3.9649584736318926,0.1599999984,1.3030302635445377,1.5,0,0.7674418426176316,1068.8626947870403
96,23,Urban,Gold,8,4.23,Morning,Premium,90,445.1254111184949,445.1254111184949,467.38168167441967,0.23958333083767364,4.173912862003789,0.23711340206185566,4.945837846362856,0.0799999992,4.173912862003789,1.5,0,0.23958333083767364,946.375318478574
88,46,Rural,Gold,35,4.89,Afternoon,Premium,72,361.98552095653855,361.98552095653855,380.0847970043655,0.5227272667871902,1.913043436672969,0.5168539325842697,5.027576610124472,0.3499999965,1.913043436672969,1.5,0,0.5227272667871902,646.8523851902905
83,43,Suburban,Regular,20,3.59,Morning,Economy,63,267.28219711727195,267.28219711727195,280.64630697313555,0.5180722829147918,1.9302325132504068,0.5119047619047619,4.242574490074563,0.199999998,1.9302325132504068,1.0,0,0.5180722829147918,318.8738758261482
50,29,Urban,Regular,2,4.81,Morning,Economy,143,518.9547629602604,518.9547629602604,544.9025011082734,0.5799999884000002,1.7241378715814526,0.5686274509803921,3.6290542610573855,0.0199999998,1.7241378715814526,1.0,0,0.5799999884000002,608.4297190059964
97,75,Urban,Regular,15,4.94,Afternoon,Economy,163,575.4934491747886,575.4934491747886,604.268121633528,0.7731958683175684,1.2933333160888891,0.7653061224489796,3.5306346358537053,0.1499999985,1.2933333160888891,1.0,0,0.7731958683175684,649.9239342756548
84,24,Suburban,Regular,39,4.08,Afternoon,Economy,86,349.4432162449335,349.4432162449335,366.9153770571802,0.2857142823129252,3.499999854166673,0.2823529411764706,4.063293164902795,0.3899999961,3.499999854166673,1.0,0,0.2857142823129252,471.7483368346136
68,40,Suburban,Silver,58,4.64,Morning,Premium,68,279.2349662242834,279.2349662242834,293.1967145354976,0.5882352854671282,1.699999957500001,0.5797101449275363,4.106396501733632,0.5799999942,1.699999957500001,1.5,0,0.5882352854671282,490.0573639434945
77,30,Urban,Regular,99,4.7,Evening,Premium,179,689.7483154802385,689.7483154802385,724.2357312542505,0.3896103845505145,2.566666581111114,0.38461538461538464,3.853342523055285,0.9899999901000002,2.566666581111114,1.5,1,0.3896103845505145,1300.1755658284799
82,67,Urban,Regular,13,4.43,Afternoon,Economy,33,88.76294359232648,88.76294359232648,93.2010907719428,0.8170731607674006,1.2238805787480511,0.8072289156626506,2.6897860879557696,0.1299999987,1.2238805787480511,1.0,0,0.8170731607674006,99.62646786984219
21,8,Suburban,Gold,37,3.71,Evening,Premium,171,621.7963494961118,621.7963494961118,652.8861669709174,0.38095236281179223,2.6249996718750412,0.36363636363636365,3.6362359407010287,0.3699999963,2.6249996718750412,1.5,1,0.38095236281179223,1177.5268062542266
75,24,Rural,Regular,44,3.79,Night,Premium,72,307.621949405299,307.621949405299,323.003046875564,0.3199999957333334,3.124999869791672,0.3157894736842105,4.272527015732944,0.4399999956000001,3.124999869791672,1.5,1,0.3199999957333334,605.6307068834415
61,9,Urban,Gold,74,3.98,Evening,Premium,32,172.41053126646165,172.41053126646165,181.03105782978474,0.14754098118785278,6.777777024691442,0.14516129032258066,5.387828933707273,0.7399999926,6.777777024691442,1.5,1,0.14754098118785278,433.8998175445929
90,13,Suburban,Regular,24,3.73,Afternoon,Economy,126,444.2453020895959,444.2453020895959,466.4575671940757,0.1444444428395062,6.923076390532586,0.14285714285714285,3.5257563378082506,0.23999999760000004,6.923076390532586,1.0,0,0.1444444428395062,751.7997183397457
100,21,Suburban,Regular,20,3.52,Night,Premium,163,556.8967118375435,556.8967118375435,584.7415474294207,0.2099999979,4.761904535147403,0.2079207920792079,3.4165442234417136,0.199999998,4.761904535147403,1.5,1,0.2099999979,1233.1284144124966
93,31,Suburban,Gold,13,3.58,Afternoon,Premium,101,355.3245754797394,355.3245754797394,373.0908042537264,0.333333329749104,2.9999999032258096,0.32978723404255317,3.5180650689274686,0.1299999987,2.9999999032258096,1.5,0,0.333333329749104,692.8829170275546
92,14,Urban,Silver,57,3.73,Morning,Premium,133,474.99773906008016,474.99773906008016,498.7476260130842,0.15217391138941402,6.5714281020408505,0.15053763440860216,3.571411545027584,0.5699999943,6.5714281020408505,1.5,0,0.15217391138941402,1180.708632219912
61,12,Rural,Gold,59,4.72,Afternoon,Premium,178,581.9712306098094,581.9712306098094,611.0697921402999,0.19672130825047038,5.083332909722258,0.1935483870967742,3.269501277192742,0.5899999941,5.083332909722258,1.5,0,0.19672130825047038,1316.7098722752748
53,12,Suburban,Gold,79,3.6,Night,Premium,154,663.4393972369916,663.4393972369916,696.6113670988411,0.22641509006763982,4.416666298611142,0.2222222222222222,4.308048006032101,0.7899999921,4.416666298611142,1.5,1,0.22641509006763982,1434.687659897614
55,21,Urban,Regular,20,3.56,Night,Premium,134,519.469492374694,519.469492374694,545.4429669934287,0.3818181748760332,2.6190474943310718,0.375,3.87663797386609,0.199999998,2.6190474943310718,1.5,1,0.3818181748760332,983.2815294198476
57,45,Rural,Gold,78,4.43,Afternoon,Premium,112,397.6919501475396,397.6919501475396,417.5765476549166,0.7894736703601111,1.2666666385185192,0.7758620689655172,3.5508209517564167,0.7799999922,1.2666666385185192,1.5,0,0.7894736703601111,672.0993940701982
34,8,Suburban,Silver,51,4.09,Afternoon,Premium,130,388.1122298927073,388.1122298927073,407.5178413873427,0.23529411072664383,4.249999468750067,0.22857142857142856,2.9854786685171435,0.5099999949,4.249999468750067,1.5,0,0.23529411072664383,829.5898604679725
50,11,Suburban,Silver,19,4.87,Morning,Economy,144,591.1000759572743,591.1000759572743,620.655079755138,0.2199999956000001,4.545454132231443,0.21568627450980393,4.104861610086199,0.1899999981,4.545454132231443,1.0,0,0.2199999956000001,859.7819042395055
35,22,Rural,Silver,82,3.79,Afternoon,Economy,174,586.7988633141081,586.7988633141081,616.1388064798135,0.6285714106122454,1.5909090185950445,0.6111111111111112,3.372407241044258,0.8199999918,1.5909090185950445,1.0,0,0.6285714106122454,680.1532236888816
43,14,Suburban,Regular,1,3.53,Night,Premium,134,648.9097429236178,648.9097429236178,681.3552300697987,0.32558138777717704,3.071428352040832,0.3181818181818182,4.842609985679164,0.0099999999,3.071428352040832,1.5,1,0.32558138777717704,1272.326581735096
50,25,Suburban,Silver,19,4.32,Night,Economy,176,746.3391324597457,746.3391324597457,783.6560890827329,0.4999999900000002,1.9999999200000032,0.49019607843137253,4.240563228518082,0.1899999981,1.9999999200000032,1.0,1,0.4999999900000002,895.606952980982
55,19,Urban,Regular,64,4.34,Morning,Premium,129,555.0976877626003,555.0976877626003,582.8525721507303,0.34545453917355384,2.8947366897507005,0.3392857142857143,4.30308281751564,0.6399999936,2.8947366897507005,1.5,0,0.34545453917355384,1073.675778118227
93,67,Urban,Silver,21,4.88,Night,Premium,87,417.91314129159,417.91314129159,438.8087983561695,0.7204300997803216,1.3880596807752288,0.7127659574468085,4.803599269976905,0.2099999979,1.3880596807752288,1.5,1,0.7204300997803216,713.8829691613316
94,69,Urban,Silver,86,4.12,Morning,Premium,18,97.80093621671637,97.80093621671637,102.69098302755219,0.7340425453825261,1.3623188208359591,0.7263157894736842,5.433385043518406,0.8599999914,1.3623188208359591,1.5,0,0.7340425453825261,166.68681274058605
70,60,Urban,Regular,57,4.05,Afternoon,Premium,43,193.0891119987856,193.0891119987856,202.7435675987249,0.8571428448979594,1.1666666472222227,0.8450704225352113,4.490444360659099,0.5699999943,1.1666666472222227,1.5,0,0.8571428448979594,323.4242620347893
36,25,Suburban,Regular,61,3.64,Night,Economy,132,492.4640116460618,492.4640116460618,517.0872122283649,0.6944444251543216,1.4399999424000023,0.6756756756756757,3.730787938752075,0.6099999939,1.4399999424000023,1.0,1,0.6944444251543216,563.3788264865021
37,9,Suburban,Silver,73,4.8,Morning,Economy,124,408.81562882076287,408.81562882076287,429.256410261801,0.24324323666910172,4.111110654321039,0.23684210526315788,3.296900205837602,0.7299999927,4.111110654321039,1.0,0,0.24324323666910172,576.8842575505622
68,46,Urban,Gold,8,4.21,Afternoon,Economy,116,364.1617948077249,364.1617948077249,382.36988454811114,0.6764705782871974,1.4782608374291124,0.6666666666666666,3.13932579024482,0.0799999992,1.4782608374291124,1.0,0,0.6764705782871974,417.99440678294053
77,15,Suburban,Regular,47,4.47,Morning,Economy,66,228.64349787316,228.64349787316,240.075672766818,0.19480519227525725,5.133332991111134,0.19230769230769232,3.4642953698312824,0.4699999953000001,5.133332991111134,1.0,0,0.19480519227525725,346.0138189566941
27,12,Suburban,Silver,64,4.7,Evening,Economy,149,667.9464280068869,667.9464280068869,701.3437494072313,0.44444442798353967,2.2499998125000156,0.42857142857142855,4.482861902845805,0.6399999936,2.2499998125000156,1.0,1,0.44444442798353967,818.2343617844421
90,56,Suburban,Silver,61,4.38,Night,Premium,91,410.34270896598935,410.34270896598935,430.85984441428883,0.6222222153086421,1.6071428284438782,0.6153846153846154,4.509260488535482,0.6099999939,1.6071428284438782,1.5,1,0.6222222153086421,714.4359647368226
46,23,Suburban,Regular,19,4.92,Afternoon,Economy,169,710.4192641684332,710.4192641684332,745.9402273768549,0.49999998913043503,1.999999913043482,0.48936170212765956,4.203664260146562,0.1899999981,1.999999913043482,1.0,0,0.49999998913043503,852.5031108245613
96,80,Urban,Regular,47,3.77,Morning,Economy,70,177.20306582722415,177.20306582722415,186.06321911858538,0.8333333246527779,1.1999999850000003,0.8247422680412371,2.531472332796455,0.4699999953000001,1.1999999850000003,1.0,0,0.8333333246527779,198.46743346068644
80,6,Rural,Silver,43,4.81,Night,Economy,24,74.32837977574499,74.32837977574499,78.04479876453225,0.07499999906250002,13.33333111111148,0.07407407407407407,3.097015694947054,0.4299999957,13.33333111111148,1.0,1,0.07499999906250002,173.43286962599004
80,31,Suburban,Silver,91,4.61,Evening,Premium,127,392.3027600530253,392.3027600530253,411.9178980556766,0.38749999515625005,2.580645078043707,0.38271604938271603,3.088998086330923,0.9099999909000002,2.580645078043707,1.5,1,0.38749999515625005,740.313268104608
64,25,Suburban,Silver,85,4.46,Afternoon,Premium,37,168.61019430479575,168.61019430479575,177.04070402003555,0.3906249938964845,2.559999897600004,0.38461538461538464,4.557032155344962,0.8499999915,2.559999897600004,1.5,0,0.3906249938964845,317.6616034803827
57,42,Rural,Silver,36,3.59,Afternoon,Premium,167,587.2581373063812,587.2581373063812,616.6210441717003,0.7368420923361036,1.3571428248299329,0.7241379310344828,3.516515771196799,0.3599999964,1.3571428248299329,1.5,0,0.7368420923361036,1000.4361810648238
52,7,Rural,Silver,57,4.82,Night,Economy,180,563.9803272683639,563.9803272683639,592.1793436317821,0.13461538202662726,7.42857036734709,0.1320754716981132,3.1332240229729993,0.5699999943,7.42857036734709,1.0,1,0.13461538202662726,982.9370819596121
69,56,Urban,Regular,73,4.02,Night,Premium,116,352.3474982568331,352.3474982568331,369.9648731696748,0.8115941911363161,1.2321428351403065,0.8,3.0374784070634027,0.7299999927,1.2321428351403065,1.5,1,0.8115941911363161,593.6426142037649
67,54,Suburban,Regular,53,3.67,Morning,Economy,110,415.3075369486595,415.3075369486595,436.0729137960925,0.8059701372243263,1.2407407177640608,0.7941176470588235,3.7755230288466954,0.5299999947,1.2407407177640608,1.0,0,0.8059701372243263,466.83643409730996
25,7,Rural,Silver,13,4.07,Afternoon,Premium,60,204.215843297379,204.215843297379,214.42663546224796,0.27999998880000043,3.571428061224563,0.2692307692307692,3.4035973315630277,0.1299999987,3.571428061224563,1.5,0,0.27999998880000043,415.72509394090315
80,35,Rural,Regular,29,4.49,Night,Economy,79,319.6520700676685,319.6520700676685,335.6346735710519,0.4374999945312501,2.285714220408165,0.43209876543209874,4.046228683815694,0.2899999971,2.285714220408165,1.0,1,0.4374999945312501,392.7153982813262
73,6,Suburban,Silver,5,4.03,Night,Premium,71,362.05333073474793,362.05333073474793,380.1559972714853,0.08219177969600303,12.166664638889227,0.08108108108108109,5.099342614583174,0.0499999995,12.166664638889227,1.5,1,0.08219177969600303,1203.8272145685005
24,6,Urban,Regular,65,4.29,Afternoon,Premium,106,387.4755378090192,387.4755378090192,406.8493146994702,0.24999998958333375,3.9999993333334443,0.24,3.655429567486695,0.6499999935,3.9999993333334443,1.5,0,0.24999998958333375,813.698590651393
37,14,Rural,Gold,18,4.36,Evening,Economy,85,348.8532987245396,348.8532987245396,366.29596366076663,0.37837836815193604,2.6428569540816462,0.3684210526315789,4.1041564072986265,0.1799999982,2.6428569540816462,1.0,1,0.37837836815193604,441.0502353733868
27,6,Rural,Regular,74,4.75,Afternoon,Premium,157,732.2985126943609,732.2985126943609,768.9134383290789,0.22222221399176983,4.4999992500001245,0.21428571428571427,4.6643217071977014,0.7399999926,4.4999992500001245,1.5,0,0.22222221399176983,1592.7491827266658
23,11,Urban,Regular,11,4.86,Afternoon,Economy,133,343.6721333865543,343.6721333865543,360.85574005588205,0.4782608487712674,2.090908900826464,0.4583333333333333,2.5840009834778446,0.10999999890000002,2.090908900826464,1.0,0,0.4782608487712674,415.530845652951
42,8,Rural,Gold,12,4.79,Morning,Premium,166,599.7162532373392,599.7162532373392,629.7020658992061,0.1904761859410432,5.2499993437500825,0.18604651162790697,3.612748491714402,0.11999999880000002,5.2499993437500825,1.5,0,0.1904761859410432,1371.850870245852
74,39,Urban,Silver,11,3.65,Morning,Economy,173,484.75453888236336,484.75453888236336,508.99226582648157,0.5270270199050403,1.8974358487836962,0.52,2.802049341504705,0.10999999890000002,1.8974358487836962,1.0,0,0.5270270199050403,576.733602875964
68,30,Urban,Regular,28,4.69,Night,Premium,134,581.1514565564086,581.1514565564086,610.209029384229,0.4411764641003461,2.2666665911111137,0.43478260869565216,4.336951135966101,0.2799999972,2.2666665911111137,1.5,1,0.4411764641003461,1069.3186734774088
59,9,Suburban,Silver,30,4.83,Afternoon,Economy,140,603.3651642705413,603.3651642705413,633.5334224840684,0.15254237029589204,6.5555548271605755,0.15,4.309751142577072,0.299999997,6.5555548271605755,1.0,0,0.15254237029589204,998.9045057879694
89,75,Rural,Silver,76,4.39,Evening,Economy,110,369.8546414878244,369.8546414878244,388.34737356221564,0.8426966197449818,1.1866666508444448,0.8333333333333334,3.3623148920500863,0.7599999924,1.1866666508444448,1.0,1,0.8426966197449818,413.74405835918736
81,35,Suburban,Regular,45,4.11,Night,Economy,174,708.8801421484817,708.8801421484817,744.3241492559058,0.43209876009754616,2.3142856481632674,0.4268292682926829,4.074023782037115,0.4499999955000001,2.3142856481632674,1.0,1,0.43209876009754616,872.9352560726985
33,8,Suburban,Regular,74,4.52,Morning,Premium,56,205.83755050869485,205.83755050869485,216.1294280341296,0.2424242350780535,4.124999484375065,0.23529411764705882,3.6756704791611496,0.7399999926,4.124999484375065,1.5,0,0.2424242350780535,436.1182942200512
75,28,Urban,Gold,49,4.46,Night,Economy,163,684.5607033083106,684.5607033083106,718.7887384737262,0.37333332835555566,2.6785713329081666,0.3684210526315789,4.199758890236514,0.4899999951000001,2.6785713329081666,1.0,1,0.37333332835555566,867.92517086002
87,48,Suburban,Silver,95,4.73,Morning,Economy,162,453.2541298779704,453.2541298779704,475.91683637186895,0.5517241315893778,1.8124999622395843,0.5454545454545454,2.7978649819759593,0.9499999905000002,1.8124999622395843,1.0,0,0.5517241315893778,535.4064392068461
56,37,Suburban,Silver,96,3.83,Afternoon,Premium,130,412.5848379812361,412.5848379812361,433.2140798802979,0.6607142739158166,1.5135134726077442,0.6491228070175439,3.1737294985192817,0.9599999904000002,1.5135134726077442,1.5,0,0.6607142739158166,712.5451636035967
75,32,Urban,Silver,20,3.69,Evening,Premium,96,440.4442377359072,440.4442377359072,462.4664496227026,0.4266666609777779,2.343749926757815,0.42105263157894735,4.587960761957776,0.199999998,2.343749926757815,1.5,1,0.4266666609777779,815.510029094026
99,54,Rural,Silver,96,3.77,Afternoon,Premium,61,241.6407113776789,241.6407113776789,253.72274694656286,0.5454545399449037,1.8333332993827167,0.54,3.961323072399276,0.9599999904000002,1.8333332993827167,1.5,0,0.5454545399449037,428.9122614648024
33,16,Rural,Regular,81,4.08,Afternoon,Premium,50,201.29253189374316,201.29253189374316,211.35715848843031,0.484848470156107,2.062499871093758,0.47058823529411764,4.0258505573578525,0.8099999919,2.062499871093758,1.5,0,0.484848470156107,364.2136710030619
41,28,Rural,Gold,89,4.47,Evening,Premium,45,220.05114029296504,220.05114029296504,231.0536973076133,0.6829268126115412,1.4642856619897977,0.6666666666666666,4.89002523117644,0.8899999911000002,1.4642856619897977,1.5,1,0.6829268126115412,378.40936988477165
55,19,Suburban,Silver,74,3.51,Morning,Economy,173,702.9134159653358,702.9134159653358,738.0590867636026,0.34545453917355384,2.8947366897507005,0.3392857142857143,4.063083305793367,0.7399999926,2.8947366897507005,1.0,0,0.34545453917355384,906.3883414566212
93,51,Rural,Silver,12,4.98,Morning,Premium,90,431.42166025583447,431.42166025583447,452.9927432686262,0.5483870908775582,1.823529376009228,0.5425531914893617,4.793573949580672,0.11999999880000002,1.823529376009228,1.5,0,0.5483870908775582,765.1390010222298
54,35,Urban,Silver,11,4.49,Afternoon,Premium,96,466.8626810645626,466.8626810645626,490.20581511779073,0.6481481361454049,1.5428570987755115,0.6363636363636364,4.863152877098018,0.10999999890000002,1.5428570987755115,1.5,0,0.6481481361454049,808.3393818419181
34,20,Urban,Gold,21,4.15,Morning,Premium,158,445.1263611668488,445.1263611668488,467.3826792251913,0.5882352768166096,1.6999999150000042,0.5714285714285714,2.817255432592363,0.2099999979,1.6999999150000042,1.5,0,0.5882352768166096,781.1967581724589
86,18,Suburban,Silver,61,4.3,Afternoon,Premium,126,441.6378571357946,441.6378571357946,463.71974999258435,0.2093023231476474,4.777777512345693,0.20689655172413793,3.5050623304026374,0.6099999939,4.777777512345693,1.5,0,0.2093023231476474,978.9638990672829
85,27,Suburban,Gold,8,4.11,Night,Premium,157,669.5210116683382,669.5210116683382,702.9970622517552,0.31764705508650526,3.1481480315500727,0.313953488372093,4.264465015311295,0.0799999992,3.1481480315500727,1.5,1,0.31764705508650526,1320.4442057472713
74,5,Suburban,Regular,80,3.63,Night,Economy,134,354.3852115042604,354.3852115042604,372.1044720794734,0.06756756665449234,14.799997040000592,0.06666666666666667,2.644665737758169,0.799999992,14.799997040000592,1.0,1,0.06756756665449234,878.8752196325642
63,53,Rural,Gold,33,4.33,Afternoon,Economy,175,489.7125242986789,489.7125242986789,514.1981505136129,0.841269827916352,1.188679222855109,0.828125,2.7983572657161235,0.3299999967,1.188679222855109,1.0,0,0.841269827916352,547.9236345792556
55,13,Suburban,Silver,45,3.71,Morning,Premium,40,222.56858200356248,222.56858200356248,233.6970111037406,0.2363636320661158,4.230768905325469,0.23214285714285715,5.564214410983702,0.4499999955000001,4.230768905325469,1.5,0,0.2363636320661158,475.0983084118018
100,66,Suburban,Gold,27,3.53,Evening,Premium,106,412.2556067980849,412.2556067980849,432.86838713798915,0.6599999934,1.5151514921946745,0.6534653465346535,3.8892038010271803,0.2699999973,1.5151514921946745,1.5,1,0.6599999934,712.0778648679883
51,27,Urban,Gold,86,3.82,Evening,Premium,152,472.21573527678265,472.21573527678265,495.8265220406218,0.5294117543252598,1.8888888189300437,0.5192307692307693,3.1066824484875015,0.8599999914,1.8888888189300437,1.5,1,0.5294117543252598,842.1180562882457
37,10,Urban,Silver,33,4.86,Afternoon,Economy,44,179.93988033973832,179.93988033973832,188.93687435672524,0.2702702629656686,3.699999630000037,0.2631578947368421,4.089542642049902,0.3299999967,3.699999630000037,1.0,0,0.2702702629656686,246.5176294076666
99,71,Suburban,Gold,3,4.63,Morning,Premium,100,308.9111533232364,308.9111533232364,324.35671098939827,0.7171717099275585,1.3943661775441385,0.71,3.0891115023412494,0.029999999700000005,1.3943661775441385,1.5,0,0.7171717099275585,527.9770195938654
54,24,Rural,Silver,85,3.79,Evening,Economy,102,306.3142432341152,306.3142432341152,321.629955395821,0.44444443621399193,2.249999906250004,0.43636363636363634,3.003080786578769,0.8499999915,2.249999906250004,1.0,1,0.44444443621399193,375.23494509009527
30,7,Rural,Gold,57,4.27,Morning,Premium,69,224.46487829301583,224.46487829301583,235.68812220766662,0.2333333255555558,4.285713673469475,0.22580645161290322,3.253114131013068,0.5699999943,4.285713673469475,1.5,0,0.2333333255555558,480.9961471566297
84,56,Urban,Silver,71,4.56,Evening,Premium,15,101.07378646994935,101.07378646994935,106.12747579344682,0.6666666587301588,1.4999999732142864,0.6588235294117647,6.738251982113159,0.7099999929,1.4999999732142864,1.5,1,0.6666666587301588,174.3522812545626
49,14,Suburban,Silver,55,4.43,Morning,Premium,131,633.4966221375331,633.4966221375331,665.1714532444098,0.28571427988338205,3.499999750000018,0.28,4.835852040470848,0.5499999945,3.499999750000018,1.5,0,0.28571427988338205,1282.830636072383
86,10,Urban,Silver,98,4.8,Morning,Economy,18,62.87509273644356,62.87509273644356,66.01884737326574,0.11627906841535968,8.599999140000087,0.11494252873563218,3.4930605135212804,0.9799999902000002,8.599999140000087,1.0,0,0.11627906841535968,116.9476670825276
48,24,Rural,Gold,17,3.98,Afternoon,Economy,29,92.03104706108972,92.03104706108972,96.63259941414421,0.4999999895833336,1.99999991666667,0.4897959183673469,3.173484271986395,0.1699999983,1.99999991666667,1.0,0,0.4999999895833336,110.43725570638232
67,18,Urban,Silver,78,3.81,Morning,Premium,22,106.7358926414302,106.7358926414302,112.07268727350171,0.2686567124081088,3.72222201543211,0.2647058823529412,4.851631263172679,0.7799999922,3.72222201543211,1.5,0,0.2686567124081088,219.69804237615475
100,16,Rural,Gold,96,3.65,Night,Premium,163,560.6703257140985,560.6703257140985,588.7038419998034,0.1599999984,6.249999609375024,0.15841584158415842,3.4396952286773206,0.9599999904000002,6.249999609375024,1.5,1,0.1599999984,1366.63388607634
79,7,Rural,Silver,31,4.82,Night,Economy,100,322.9000694955284,322.9000694955284,339.04507297030483,0.08860759381509375,11.285712673469618,0.0875,3.2290006626652774,0.3099999969,11.285712673469618,1.0,1,0.08860759381509375,687.3158101525189
99,9,Rural,Silver,33,4.98,Afternoon,Economy,110,292.33936093553586,292.33936093553586,306.9563289823127,0.09090908999081727,10.999998777777915,0.09,2.6576305297991394,0.3299999967,10.999998777777915,1.0,0,0.09090908999081727,613.9126222342629
34,24,Urban,Silver,3,4.41,Morning,Economy,97,242.75171700488076,242.75171700488076,254.8893028551248,0.7058823321799315,1.4166666076388912,0.6857142857142857,2.5025949948689257,0.029999999700000005,1.4166666076388912,1.0,0,0.7058823321799315,277.14154214766285
54,21,Urban,Silver,23,4.44,Evening,Premium,136,442.7796305981407,442.7796305981407,464.91861212804776,0.38888888168724295,2.5714284489795975,0.38181818181818183,3.2557325539882953,0.22999999770000004,2.5714284489795975,1.5,1,0.38888888168724295,834.9558667095215
77,43,Suburban,Regular,73,4.07,Afternoon,Premium,131,505.54671645728143,505.54671645728143,530.8240522801456,0.5584415511890708,1.7906976327744737,0.5512820512820513,3.859135210672872,0.7299999927,1.7906976327744737,1.5,0,0.5584415511890708,894.1122709484664
80,21,Urban,Regular,85,4.21,Morning,Premium,146,474.9171617926677,474.9171617926677,498.6630198823011,0.2624999967187501,3.809523628117922,0.25925925925925924,3.2528572502726742,0.8499999915,3.809523628117922,1.5,0,0.2624999967187501,983.756965076182
74,54,Urban,Regular,16,4.35,Afternoon,Premium,147,617.434678434942,617.434678434942,648.3064123566892,0.7297297198685173,1.370370344993142,0.72,4.200235879147661,0.1599999984,1.370370344993142,1.5,0,0.7297297198685173,1053.069143647056
57,38,Urban,Regular,31,3.97,Morning,Premium,64,294.8553699465021,294.8553699465021,309.5981384438272,0.6666666549707605,1.499999960526317,0.6551724137931034,4.607115083427923,0.3099999969,1.499999960526317,1.5,0,0.6666666549707605,508.625511411862
97,66,Urban,Silver,90,3.6,Evening,Premium,150,717.467322019467,717.467322019467,753.3406881204404,0.6804123641194602,1.4696969474288342,0.673469387755102,4.783115448242344,0.8999999910000002,1.4696969474288342,1.5,1,0.6804123641194602,1234.369912986993
52,14,Suburban,Gold,97,4.83,Evening,Premium,66,266.9772170141728,266.9772170141728,280.3260778648815,0.2692307640532545,3.714285448979611,0.2641509433962264,4.045109287410054,0.9699999903000002,3.714285448979611,1.5,1,0.2692307640532545,549.2102643759813
51,37,Rural,Regular,34,4.64,Afternoon,Economy,100,383.3711770715268,383.3711770715268,402.5397359251032,0.7254901818531337,1.3783783411249098,0.7115384615384616,3.8337117323781507,0.3399999966,1.3783783411249098,1.0,0,0.7254901818531337,436.21422978022235
87,52,Urban,Gold,15,3.57,Night,Economy,66,266.4336179135411,266.4336179135411,279.7552988092182,0.5977011425551593,1.6730768909023677,0.5909090909090909,4.036872937525276,0.1499999985,1.6730768909023677,1.0,1,0.5977011425551593,311.0100108226068
91,42,Suburban,Silver,76,4.96,Morning,Economy,86,336.39439243010713,336.39439243010713,353.2141120516125,0.4615384564666104,2.1666666150793663,0.45652173913043476,3.911562657192378,0.7599999924,2.1666666150793663,1.0,0,0.4615384564666104,409.2798423879292
85,34,Rural,Regular,66,4.59,Morning,Premium,163,764.8593556145701,764.8593556145701,803.1023233952986,0.3999999952941177,2.4999999264705908,0.3953488372093023,4.6923886559643035,0.6599999934,2.4999999264705908,1.5,0,0.3999999952941177,1434.1112833413704
57,21,Rural,Silver,28,4.93,Night,Economy,141,588.6941797749441,588.6941797749441,618.1288887636914,0.3684210461680518,2.7142855850340197,0.3620689655172414,4.17513599716176,0.2799999972,2.7142855850340197,1.0,1,0.3684210461680518,748.4825923905998
28,8,Urban,Regular,67,3.78,Afternoon,Premium,58,305.2426676647312,305.2426676647312,320.50480104796776,0.28571427551020445,3.499999562500055,0.27586206896551724,5.262804524171149,0.6699999933,3.499999562500055,1.5,0,0.28571427551020445,618.1163819895332
58,30,Urban,Regular,32,4.14,Night,Economy,75,256.37380365626416,256.37380365626416,269.1924938390774,0.5172413703923902,1.933333268888891,0.5084745762711864,3.418317336505958,0.3199999968,1.933333268888891,1.0,1,0.5172413703923902,305.93940404428855
31,9,Rural,Gold,18,4.42,Morning,Premium,114,461.0193485856391,461.0193485856391,484.07031601492105,0.29032257127991706,3.4444440617284378,0.28125,4.044029338084296,0.1799999982,3.4444440617284378,1.5,0,0.29032257127991706,929.7223265151162
27,11,Suburban,Gold,88,4.5,Evening,Premium,144,581.7472844259253,581.7472844259253,610.8346486472216,0.4074073923182447,2.454545231404979,0.39285714285714285,4.039911669347317,0.8799999912000002,2.454545231404979,1.5,1,0.4074073923182447,1086.8096800694555
90,75,Urban,Gold,88,4.1,Afternoon,Economy,106,472.5465909334413,472.5465909334413,496.17392048011334,0.8333333240740742,1.1999999840000002,0.8241758241758241,4.457986664862779,0.8799999912000002,1.1999999840000002,1.0,0,0.8333333240740742,529.2521810893796
54,8,Suburban,Regular,41,3.89,Morning,Economy,168,573.4835718398938,573.4835718398938,602.1577504318885,0.14814814540466398,6.749999156250106,0.14545454545454545,3.4135926692041734,0.4099999959,6.749999156250106,1.0,0,0.14814814540466398,960.5849344441518
23,9,Suburban,Silver,50,3.84,Evening,Premium,34,192.3850221961644,192.3850221961644,202.00427330597265,0.39130433081285515,2.55555527160497,0.375,5.658382839346517,0.4999999950000001,2.55555527160497,1.5,1,0.39130433081285515,362.3251169419337
94,64,Urban,Regular,62,4.87,Night,Economy,166,744.0359811402852,744.0359811402852,781.2377801972996,0.6808510565866909,1.4687499770507817,0.6736842105263158,4.4821444376996435,0.6199999938,1.4687499770507817,1.0,1,0.6808510565866909,853.3162641627601
86,20,Suburban,Silver,51,3.75,Morning,Premium,110,412.25746306035046,412.25746306035046,432.870336213368,0.23255813683071935,4.2999997850000105,0.22988505747126436,3.7477950846595944,0.5099999949,4.2999997850000105,1.5,0,0.23255813683071935,884.2922449691491
79,55,Suburban,Regular,91,4.39,Morning,Economy,48,189.5605649707772,189.5605649707772,199.03859321931606,0.6962025228328795,1.4363636102479345,0.6875,3.9491783546166426,0.9099999909000002,1.4363636102479345,1.0,0,0.6962025228328795,216.78835471698358
73,13,Urban,Regular,93,3.95,Night,Economy,90,357.0434721850994,357.0434721850994,374.8956457943544,0.17808218934133987,5.615384183431987,0.17567567567567569,3.9671496468661087,0.9299999907000002,5.615384183431987,1.0,1,0.17808218934133987,557.537098835684
74,23,Urban,Regular,45,4.07,Morning,Premium,99,417.1740953777763,417.1740953777763,438.0328001466652,0.3108108066106648,3.2173911644612536,0.30666666666666664,4.213879708726228,0.4499999955000001,3.2173911644612536,1.5,0,0.3108108066106648,827.0929803432506
26,11,Urban,Gold,10,4.22,Morning,Premium,69,314.84471031916905,314.84471031916905,330.5869458351275,0.4230769068047343,2.3636361487603503,0.4074074074074074,4.562966750089888,0.099999999,2.3636361487603503,1.5,0,0.4230769068047343,583.8938162622089
99,30,Urban,Regular,74,4.21,Morning,Premium,160,629.9546011362719,629.9546011362719,661.4523311930855,0.3030302999693909,3.2999998900000036,0.3,3.937216232494098,0.7399999926,3.2999998900000036,1.5,0,0.3030302999693909,1256.759418872612
80,42,Urban,Gold,85,4.22,Night,Economy,131,473.5617540035448,473.5617540035448,497.2398417037221,0.5249999934375001,1.904761859410432,0.5185185185185185,3.614975193805875,0.8499999915,1.904761859410432,1.0,1,0.5249999934375001,563.7639907136906
78,35,Rural,Regular,5,4.35,Evening,Premium,100,317.88095784682014,317.88095784682014,333.77500573916114,0.4487179429651546,2.2285713648979613,0.4430379746835443,3.178809546680106,0.0499999995,2.2285713648979613,1.5,1,0.4487179429651546,583.0844967857942
63,6,Urban,Gold,29,4.79,Evening,Premium,24,132.49921949173307,132.49921949173307,139.12418046631973,0.09523809372637947,10.499998250000292,0.09375,5.520800582122187,0.2899999971,10.499998250000292,1.5,1,0.09523809372637947,407.43506515603985
25,8,Rural,Regular,30,4.44,Night,Economy,115,430.7858509781543,430.7858509781543,452.32514352706204,0.3199999872000005,3.124999609375049,0.3076923076923077,3.745963888975569,0.299999997,3.124999609375049,1.0,1,0.3199999872000005,565.4064125812574
100,50,Urban,Regular,20,4.14,Evening,Economy,127,350.2265835541767,350.2265835541767,367.73791273188556,0.4999999950000001,1.999999960000001,0.49504950495049505,2.757689612570765,0.199999998,1.999999960000001,1.0,1,0.4999999950000001,420.27189886410576
46,8,Urban,Silver,32,4.81,Afternoon,Economy,112,466.42747932165264,466.42747932165264,489.7488532877353,0.17391303969754263,5.749999281250091,0.1702127659574468,4.164531028188586,0.3199999968,5.749999281250091,1.0,0,0.17391303969754263,734.6232464071321
59,29,Urban,Regular,90,4.3,Night,Economy,145,651.7303890276737,651.7303890276737,684.3169084790575,0.4915254153978743,2.034482688466114,0.48333333333333334,4.4946923071240095,0.8999999910000002,2.034482688466114,1.0,1,0.4915254153978743,784.3238084300825
21,11,Rural,Gold,18,4.2,Morning,Premium,49,266.34807324582846,266.34807324582846,279.6654769081199,0.5238094988662143,1.909090735537206,0.5,5.435674853268441,0.1799999982,1.909090735537206,1.5,0,0.5238094988662143,475.79450572801215
64,7,Rural,Silver,48,4.67,Evening,Economy,64,266.38537677090085,266.38537677090085,279.7046456094459,0.10937499829101566,9.14285583673488,0.1076923076923077,4.162271447009835,0.4799999952000001,9.14285583673488,1.0,1,0.10937499829101566,509.93768645396597
52,22,Suburban,Gold,72,3.6,Morning,Premium,101,303.803226426852,303.803226426852,318.9933877481946,0.42307691494082855,2.363636256198352,0.41509433962264153,3.007952707117815,0.7199999928,2.363636256198352,1.5,0,0.42307691494082855,563.4168877501597
100,56,Suburban,Silver,67,4.2,Evening,Economy,169,461.9661913503604,461.9661913503604,485.06450091787843,0.5599999944,1.7857142538265314,0.5544554455445545,2.733527743294868,0.6699999933,1.7857142538265314,1.0,1,0.5599999944,544.4601526183898
83,72,Rural,Regular,25,4.62,Night,Premium,45,201.0575405594342,201.0575405594342,211.11041758740592,0.8674698690666282,1.1527777617669757,0.8571428571428571,4.467945246477532,0.24999999750000004,1.1527777617669757,1.5,1,0.8674698690666282,336.35251007802293
89,10,Rural,Silver,36,4.12,Afternoon,Premium,13,94.21444738997974,94.21444738997974,98.92516975947873,0.11235954929933091,8.89999911000009,0.1111111111111111,7.247264626362702,0.3599999964,8.89999911000009,1.5,0,0.11235954929933091,267.0979457729651
100,37,Rural,Silver,47,4.7,Afternoon,Economy,142,546.8574476673242,546.8574476673242,574.2003200506905,0.3699999963,2.702702629656686,0.36633663366336633,3.851108759269123,0.4699999953000001,2.702702629656686,1.0,0,0.3699999963,694.6567538531062
71,7,Urban,Gold,31,4.83,Morning,Premium,60,292.74683013160404,292.74683013160404,307.3841716381843,0.0985915479071613,10.142855693877758,0.09722222222222222,4.879113754208172,0.3099999969,10.142855693877758,1.5,0,0.0985915479071613,884.5135731271569
94,26,Suburban,Regular,0,3.94,Afternoon,Premium,40,150.90603765991335,150.90603765991335,158.45133954290904,0.27659574173834317,3.615384476331366,0.2736842105263158,3.7726508471815627,0.0,3.615384476331366,1.5,0,0.27659574173834317,308.19655838091916
52,23,Urban,Regular,41,4.23,Evening,Economy,134,534.90663340905,534.90663340905,561.6519650795025,0.4423076838017753,2.260869466918719,0.4339622641509434,3.9918405180388765,0.4099999959,2.260869466918719,1.0,1,0.4423076838017753,655.8420409217306
27,15,Urban,Silver,31,4.95,Afternoon,Economy,103,315.2654030422818,315.2654030422818,331.0286731943959,0.5555555349794246,1.799999880000008,0.5357142857142857,3.060829126033521,0.3099999969,1.799999880000008,1.0,0,0.5555555349794246,372.01317180670793
88,62,Urban,Regular,62,4.82,Afternoon,Economy,162,601.2360266422271,601.2360266422271,631.2978279743385,0.7045454465392563,1.4193548158168579,0.6966292134831461,3.7113334748820597,0.6199999938,1.4193548158168579,1.0,0,0.7045454465392563,686.5727516279509
48,38,Suburban,Silver,64,4.97,Night,Premium,152,701.4695729515377,701.4695729515377,736.5430515991146,0.7916666501736115,1.2631578614958459,0.7755102040816326,4.614931370635568,0.6399999936,1.2631578614958459,1.5,1,0.7916666501736115,1185.1143802783868
53,35,Suburban,Regular,1,3.67,Morning,Premium,88,392.0078846224547,392.0078846224547,411.6082788535775,0.6603773460306162,1.5142856710204096,0.6481481481481481,4.454635001907042,0.0099999999,1.5142856710204096,1.5,0,0.6603773460306162,677.0536153253029
31,12,Suburban,Gold,34,4.7,Night,Economy,105,331.8375249153692,331.8375249153692,348.4294011611377,0.38709676170655605,2.583333118055574,0.375,3.160357350047732,0.3399999966,2.583333118055574,1.0,1,0.38709676170655605,417.5622117081157
56,34,Suburban,Silver,1,4.56,Afternoon,Economy,121,307.5259290756184,307.5259290756184,322.90222552939935,0.6071428463010207,1.6470587750865067,0.5964912280701754,2.5415365829262964,0.0099999999,1.6470587750865067,1.0,0,0.6071428463010207,358.1772570806812
48,35,Rural,Gold,47,4.26,Morning,Economy,26,68.27174499943663,68.27174499943663,71.68533224940848,0.7291666514756948,1.3714285322448991,0.7142857142857143,2.6258362451384762,0.4699999953000001,1.3714285322448991,1.0,0,0.7291666514756948,77.63472690327417
93,66,Suburban,Silver,22,3.91,Night,Economy,180,765.4397485645513,765.4397485645513,803.7117359927789,0.7096774117238989,1.4090908877410473,0.7021276595744681,4.2524430239561575,0.21999999780000004,1.4090908877410473,1.0,1,0.7096774117238989,873.2971660462621
49,18,Rural,Silver,62,4.92,Afternoon,Economy,62,168.36628924698925,168.36628924698925,176.7846037093387,0.36734693127863405,2.722222070987663,0.36,2.7155852666355482,0.6199999938,2.722222070987663,1.0,0,0.36734693127863405,214.19933210683396
72,33,Rural,Gold,63,4.25,Evening,Economy,132,351.7736189685264,351.7736189685264,369.36229991695274,0.4583333269675927,2.1818181157024816,0.4520547945205479,2.6649516386634455,0.6299999937,2.1818181157024816,1.0,1,0.4583333269675927,428.52422441770176
62,11,Suburban,Gold,37,4.23,Morning,Premium,71,363.3457529659053,363.3457529659053,381.5130406142006,0.17741935197710723,5.636363123966989,0.1746031746031746,5.117545744343093,0.3699999963,5.636363123966989,1.5,0,0.17741935197710723,852.2109199389153
39,15,Suburban,Regular,53,4.6,Evening,Premium,38,201.7146762833217,201.7146762833217,211.8004100974878,0.384615374753452,2.599999826666678,0.375,5.3082808151326555,0.5299999947,2.599999826666678,1.5,1,0.384615374753452,381.2407329308968
67,56,Urban,Gold,49,4.22,Afternoon,Premium,23,121.43999901863724,121.43999901863724,127.5119989695691,0.8358208830474495,1.196428550063776,0.8235294117647058,5.279999727766848,0.4899999951000001,1.196428550063776,1.5,0,0.8358208830474495,203.95414081979803
88,15,Urban,Regular,39,4.51,Afternoon,Economy,137,598.7750233051204,598.7750233051204,628.7137744703764,0.170454543517562,5.866666275555582,0.16853932584269662,4.3706205761642325,0.3899999961,5.866666275555582,1.0,0,0.170454543517562,950.0563468920362
29,16,Urban,Silver,75,4.11,Morning,Premium,80,371.1242881043308,371.1242881043308,389.68050250954735,0.5517241189060649,1.812499886718757,0.5333333333333333,4.639053543315966,0.7499999925,1.812499886718757,1.5,0,0.5517241189060649,657.585841678648
100,24,Urban,Silver,88,4.49,Night,Economy,56,173.66696747925593,173.66696747925593,182.35031585321875,0.23999999760000004,4.166666493055563,0.2376237623762376,3.1011957924653597,0.8799999912000002,4.166666493055563,1.0,1,0.23999999760000004,246.0282009138945
98,43,Suburban,Gold,62,4.98,Morning,Economy,130,538.5185280064754,538.5185280064754,565.4444544067992,0.4387755057267806,2.279069714440239,0.43434343434343436,4.142450183569425,0.6199999938,2.279069714440239,1.0,0,0.4387755057267806,661.250654790925
35,10,Rural,Gold,40,3.54,Night,Economy,75,281.9625670059949,281.9625670059949,296.0606953562947,0.28571427755102063,3.4999996500000354,0.2777777777777778,3.7595008432865877,0.399999996,3.4999996500000354,1.0,1,0.28571427755102063,380.6494555894043
58,14,Rural,Gold,10,3.77,Morning,Economy,95,258.01445968829404,258.01445968829404,270.91518267270874,0.24137930618311543,4.1428568469387965,0.23728813559322035,2.7159416523405513,0.099999999,4.1428568469387965,1.0,0,0.24137930618311543,364.90615678118036
22,7,Urban,Gold,53,4.43,Morning,Premium,98,476.2019961536034,476.2019961536034,500.0120959612836,0.3181818037190089,3.142856693877615,0.30434782608695654,4.859203992799994,0.5299999947,3.142856693877615,1.5,0,0.3181818037190089,938.7981889177902
84,37,Suburban,Regular,94,3.83,Night,Economy,28,124.64550323605349,124.64550323605349,130.87777839785616,0.4404761852324264,2.270270208911616,0.43529411764705883,4.451624956586733,0.9399999906000002,2.270270208911616,1.0,1,0.4404761852324264,152.94340050321435
91,14,Suburban,Silver,19,4.78,Night,Premium,19,111.11271494112724,111.11271494112724,116.66835068818361,0.1538461521555368,6.499999535714319,0.15217391304347827,5.848037320688943,0.1899999981,6.499999535714319,1.5,1,0.1538461521555368,275.0039617410835
56,29,Urban,Gold,67,4.49,Afternoon,Economy,125,421.8171879075184,421.8171879075184,442.9080473028944,0.5178571336096941,1.931034416171227,0.5087719298245614,3.3745374762638476,0.6699999933,1.931034416171227,1.0,0,0.5178571336096941,503.27153862571674
97,21,Rural,Regular,36,3.72,Evening,Premium,23,134.0510144913575,134.0510144913575,140.7535652159254,0.21649484312891915,4.619047399092981,0.21428571428571427,5.828304724480556,0.3599999964,4.619047399092981,1.5,1,0.21649484312891915,293.9547202118483
57,47,Urban,Gold,26,3.8,Morning,Economy,30,132.4032477391118,132.4032477391118,139.0234101260674,0.8245613890427826,1.2127659316432782,0.8103448275862069,4.4134414441890115,0.2599999974,1.2127659316432782,1.0,0,0.8245613890427826,148.46066254880378
94,27,Suburban,Silver,100,3.6,Night,Premium,172,547.9814624298182,547.9814624298182,575.3805355513091,0.28723403949751025,3.4814813525377275,0.28421052631578947,3.185938716534183,0.9999999900000002,3.4814813525377275,1.5,1,0.28723403949751025,1108.140280092592
84,6,Suburban,Gold,24,3.74,Morning,Economy,68,281.96824577029594,281.96824577029594,296.06665805881073,0.0714285705782313,13.999997666667054,0.07058823529411765,4.146591788583884,0.23999999760000004,13.999997666667054,1.0,0,0.0714285705782313,676.7237240561305
40,11,Rural,Silver,1,4.24,Night,Premium,35,182.46632143825187,182.46632143825187,191.58963751016447,0.2749999931250002,3.6363633057851543,0.2682926829268293,5.213323320712244,0.0099999999,3.6363633057851543,1.5,1,0.2749999931250002,373.22655753032655
65,36,Suburban,Silver,20,4.39,Night,Premium,87,313.7742265682814,313.7742265682814,329.46293789669545,0.553846145325444,1.805555505401236,0.5454545454545454,3.6066002639273695,0.199999998,1.805555505401236,1.5,1,0.553846145325444,555.6418571874285
35,22,Urban,Silver,28,4.88,Afternoon,Premium,116,422.8866610257602,422.8866610257602,444.0309940770482,0.6285714106122454,1.5909090185950445,0.6111111111111112,3.6455746325878065,0.2799999972,1.5909090185950445,1.5,0,0.6285714106122454,735.2461219690543
40,30,Urban,Regular,67,4.03,Evening,Premium,143,529.6967147126813,529.6967147126813,556.1815504483154,0.7499999812500006,1.3333332888888902,0.7317073170731707,3.7041728042553044,0.6699999933,1.3333332888888902,1.5,1,0.7499999812500006,900.4844114802468
61,45,Urban,Silver,6,4.99,Evening,Economy,10,25.993449448411635,25.993449448411635,27.293121920832217,0.7377049059392639,1.3555555254320995,0.7258064516129032,2.5993446849066952,0.05999999940000001,1.3555555254320995,1.0,1,0.7377049059392639,29.51700585089507
50,14,Urban,Gold,98,3.52,Night,Premium,109,351.5699575243088,351.5699575243088,369.14845540052426,0.2799999944000001,3.571428316326549,0.27450980392156865,3.2254124247605174,0.9799999902000002,3.571428316326549,1.5,1,0.2799999944000001,715.695971507269
98,25,Suburban,Silver,30,4.76,Afternoon,Economy,60,154.68715967826247,154.68715967826247,162.4215176621756,0.2551020382132445,3.919999843200006,0.25252525252525254,2.5781192850023866,0.299999997,3.919999843200006,1.0,0,0.2551020382132445,215.3245238466468
54,37,Suburban,Regular,41,4.69,Afternoon,Premium,16,106.59208227583191,106.59208227583191,111.92168638962352,0.685185172496571,1.4594594200146103,0.6727272727272727,6.662004725864199,0.4099999959,1.4594594200146103,1.5,0,0.685185172496571,183.22314620021317
37,13,Rural,Regular,31,4.66,Afternoon,Economy,35,132.1665679180113,132.1665679180113,138.77489631391188,0.35135134185536915,2.846153627218952,0.34210526315789475,3.7761875469092505,0.3099999969,2.846153627218952,1.0,0,0.35135134185536915,169.78320358570411
78,41,Urban,Silver,12,4.99,Afternoon,Economy,22,76.224961221763,76.224961221763,80.03620928285115,0.5256410189020382,1.9024389779892934,0.5189873417721519,3.4647708071360084,0.11999999880000002,1.9024389779892934,1.0,0,0.5256410189020382,90.72629495416344
84,21,Rural,Gold,88,3.5,Afternoon,Economy,146,598.9400399823005,598.9400399823005,628.8870419814156,0.24999999702380957,3.9999998095238185,0.24705882352941178,4.102329012876517,0.8799999912000002,3.9999998095238185,1.0,0,0.24999999702380957,838.5160445668395
44,32,Suburban,Silver,51,4.2,Afternoon,Premium,168,563.1508995670627,563.1508995670627,591.3084445454158,0.7272727107438021,1.3749999570312514,0.7111111111111111,3.3520886679462736,0.5099999949,1.3749999570312514,1.5,0,0.7272727107438021,960.8762187566172
25,11,Urban,Silver,92,3.91,Night,Economy,115,310.1546162756803,310.1546162756803,325.66234708946433,0.4399999824000007,2.2727270661157215,0.4230769230769231,2.6969966398146408,0.9199999908000002,2.2727270661157215,1.0,1,0.4399999824000007,380.64429538472774
38,13,Urban,Gold,38,4.46,Evening,Premium,28,145.13756861567325,145.13756861567325,152.39444704645692,0.34210525415512494,2.9230766982248695,0.3333333333333333,5.1834844082924585,0.3799999962,2.9230766982248695,1.5,1,0.34210525415512494,281.343589652133
85,25,Urban,Silver,21,4.03,Morning,Economy,73,323.5576857599395,323.5576857599395,339.7355700479365,0.294117643598616,3.399999864000005,0.29069767441860467,4.4322970044882535,0.2099999979,3.399999864000005,1.0,0,0.294117643598616,433.56729451793456
31,13,Suburban,Gold,87,4.04,Evening,Economy,11,31.565676162125197,31.565676162125197,33.14395997023146,0.4193548251821024,2.384615201183446,0.40625,2.8696066629562305,0.8699999913000002,2.384615201183446,1.0,1,0.4193548251821024,39.09287528330896
67,6,Rural,Regular,25,4.45,Evening,Premium,31,144.46263762346956,144.46263762346956,151.68576950464305,0.08955223746936959,11.166664805555865,0.08823529411764706,4.66008493430273,0.24999999750000004,11.166664805555865,1.5,1,0.08955223746936959,458.6688341253696
77,11,Rural,Silver,70,3.82,Night,Premium,63,252.4930471020809,252.4930471020809,265.117699457185,0.14285714100185531,6.999999363636422,0.14102564102564102,4.007826080861188,0.699999993,6.999999363636422,1.5,1,0.14285714100185531,643.8572460086995
32,11,Suburban,Silver,30,3.53,Afternoon,Premium,32,146.51277441611944,146.51277441611944,153.83841313692542,0.34374998925781286,2.9090906446281233,0.3333333333333333,4.578524057424856,0.299999997,2.9090906446281233,1.5,0,0.34374998925781286,283.7020028300457
71,30,Rural,Regular,60,4.83,Evening,Premium,156,501.801349985356,501.801349985356,526.8914174846238,0.4225352053164056,2.36666658777778,0.4166666666666667,3.216675299799235,0.599999994,2.36666658777778,1.5,1,0.4225352053164056,930.8414982848531
65,38,Urban,Regular,13,4.77,Morning,Premium,132,610.7325514755008,610.7325514755008,641.2691790492759,0.584615375621302,1.7105262707756246,0.5757575757575758,4.626761718551054,0.1299999987,1.7105262707756246,1.5,0,0.584615375621302,1072.799938270752
64,29,Urban,Silver,66,3.79,Night,Premium,37,194.26239936468437,194.26239936468437,203.9755193329186,0.453124992919922,2.2068964756242595,0.4461538461538462,5.250334976063497,0.6599999934,2.2068964756242595,1.5,1,0.453124992919922,355.70114972266174
48,38,Urban,Silver,45,4.17,Afternoon,Economy,87,318.2101259853132,318.2101259853132,334.12063228457885,0.7916666501736115,1.2631578614958459,0.7755102040816326,3.657587612962363,0.4499999955000001,1.2631578614958459,1.0,0,0.7916666501736115,358.40508820990635
76,42,Rural,Gold,95,3.93,Morning,Economy,180,512.6251102173163,512.6251102173163,538.2563657281821,0.5526315716759004,1.8095237664399104,0.5454545454545454,2.8479172631633283,0.9499999905000002,1.8095237664399104,1.0,0,0.5526315716759004,605.3858422385276
76,53,Urban,Regular,77,3.67,Afternoon,Premium,179,555.8919187631545,555.8919187631545,583.6865147013123,0.6973684118767315,1.4339622370950522,0.6883116883116883,3.105541428254822,0.7699999923,1.4339622370950522,1.5,0,0.6973684118767315,953.4070810566329
71,14,Suburban,Silver,8,4.44,Night,Economy,76,242.15886076969636,242.15886076969636,254.26680380818118,0.1971830958143226,5.0714282091837,0.19444444444444445,3.186300757676258,0.0799999992,5.0714282091837,1.0,1,0.1971830958143226,364.967988530819
76,9,Urban,Silver,64,4.16,Evening,Economy,10,41.40499127744981,41.40499127744981,43.475240841322304,0.11842105107340722,8.444443506172945,0.11688311688311688,4.14049871369511,0.6399999936,8.444443506172945,1.0,1,0.11842105107340722,76.36920224905066
51,14,Rural,Gold,16,3.51,Night,Premium,30,180.88655372559683,180.88655372559683,189.93088141187667,0.2745097985390236,3.64285688265308,0.2692307692307692,6.029551589868174,0.1599999984,3.64285688265308,1.5,1,0.2745097985390236,370.1714046711982
88,38,Rural,Gold,29,3.73,Evening,Premium,167,537.8971058809161,537.8971058809161,564.7919611749619,0.4318181769111571,2.315789412742384,0.42696629213483145,3.2209407344908705,0.2899999971,2.315789412742384,1.5,1,0.4318181769111571,993.6941222629434
60,24,Rural,Gold,5,3.79,Afternoon,Premium,154,556.6629286327259,556.6629286327259,584.4960750643622,0.39999999333333347,2.4999998958333376,0.39344262295081966,3.6146943182989064,0.0499999995,2.4999998958333376,1.5,0,0.39999999333333347,1043.7429824885032
73,55,Rural,Regular,55,4.2,Afternoon,Economy,52,158.5563431447304,158.5563431447304,166.4841603019669,0.753424647213361,1.3272727031404963,0.7432432432432432,3.0491603864532695,0.5499999945,1.3272727031404963,1.0,0,0.753424647213361,179.60109376130822
23,10,Urban,Silver,80,3.88,Afternoon,Economy,22,59.4454065021933,59.4454065021933,62.41767682730297,0.4347825897920613,2.299999770000023,0.4166666666666667,2.7020638090967948,0.799999992,2.299999770000023,1.0,0,0.4347825897920613,73.11784863045355
74,27,Suburban,Silver,51,3.75,Morning,Premium,111,334.1449975015087,334.1449975015087,350.85224737658416,0.36486485993425866,2.740740639231828,0.36,3.010315265686428,0.5099999949,2.740740639231828,1.5,0,0.36486485993425866,638.5882123595235
49,6,Suburban,Gold,18,4.41,Night,Premium,148,443.7750198288772,443.7750198288772,465.9637708203211,0.12244897709287803,8.166665305555782,0.12,2.9984798434486306,0.1799999982,8.166665305555782,1.5,1,0.12244897709287803,1209.286838429639
31,8,Rural,Gold,7,3.57,Night,Economy,35,145.24203735141535,145.24203735141535,152.50413921898613,0.2580645078043707,3.8749995156250607,0.25,4.1497723771898,0.0699999993,3.8749995156250607,1.0,1,0.2580645078043707,201.5233197899285
57,46,Rural,Regular,42,4.39,Morning,Economy,56,210.6317666138125,210.6317666138125,221.1633549445031,0.8070175297014469,1.2391304078449912,0.7931034482758621,3.7612814795094827,0.4199999958,1.2391304078449912,1.0,0,0.8070175297014469,236.73178930074093
64,19,Suburban,Regular,35,4.02,Afternoon,Economy,39,152.22919256822726,152.22919256822726,159.84065219663864,0.2968749953613282,3.3684208753462697,0.2923076923076923,3.9033125298696087,0.3499999965,3.3684208753462697,1.0,0,0.2968749953613282,203.50639157661965
86,76,Suburban,Regular,84,4.99,Night,Economy,149,612.446726848697,612.446726848697,643.0690631911319,0.8837209199567335,1.1315789324792247,0.8735632183908046,4.110380689518902,0.8399999916,1.1315789324792247,1.0,1,0.8837209199567335,681.7499081854814
54,28,Suburban,Regular,73,3.56,Morning,Premium,51,250.28588237277447,250.28588237277447,262.8001764914132,0.5185185089163239,1.92857135969388,0.509090909090909,4.907566224808005,0.7299999927,1.92857135969388,1.5,0,0.5185185089163239,447.8329512311383
85,37,Rural,Gold,10,3.76,Night,Premium,61,309.08254473187293,309.08254473187293,324.5366719684666,0.4352941125259516,2.297297235208183,0.43023255813953487,5.066926879753214,0.099999999,2.297297235208183,1.5,1,0.4352941125259516,570.1319884173556
58,15,Rural,Regular,14,4.76,Night,Premium,12,94.1609176991503,94.1609176991503,98.86896358410782,0.2586206851961951,3.8666664088889062,0.2542372881355932,7.846742487700652,0.1399999986,3.8666664088889062,1.5,1,0.2586206851961951,195.85470517334406
96,27,Rural,Gold,21,4.37,Night,Premium,57,243.93730652889337,243.93730652889337,256.134171855338,0.28124999707031256,3.5555554238683174,0.27835051546391754,4.279601793847221,0.2099999979,3.5555554238683174,1.5,1,0.28124999707031256,496.00585179023534
58,31,Suburban,Silver,32,4.87,Evening,Premium,85,331.19305388667465,331.19305388667465,347.7527065810084,0.5344827494054699,1.8709676815816876,0.5254237288135594,3.8963888234151276,0.3199999968,1.8709676815816876,1.5,1,0.5344827494054699,589.7373058579585
77,45,Suburban,Silver,88,4.16,Morning,Economy,151,595.2312211886215,595.2312211886215,624.9927822480525,0.5844155768257717,1.7111110730864207,0.5769230769230769,3.9419285910377013,0.8799999912000002,1.7111110730864207,1.0,0,0.5844155768257717,697.0818945508819
93,73,Rural,Regular,78,3.81,Night,Premium,106,465.962681649944,465.962681649944,489.2608157324412,0.7849462281188578,1.2739725852880468,0.776595744680851,4.395874313717639,0.7799999922,1.2739725852880468,1.5,1,0.7849462281188578,787.9875748033155
44,11,Rural,Regular,56,3.83,Afternoon,Premium,18,104.75201005936664,104.75201005936664,109.98961056233497,0.24999999431818196,3.9999996363636696,0.24444444444444444,5.819555791100602,0.5599999944,3.9999996363636696,1.5,0,0.24999999431818196,219.97921541092444
20,10,Rural,Regular,54,4.12,Morning,Premium,168,784.0551260339382,784.0551260339382,823.2578823356351,0.4999999750000012,1.99999980000002,0.47619047619047616,4.66699477004133,0.5399999946,1.99999980000002,1.5,0,0.4999999750000012,1411.2992033394373
70,40,Suburban,Regular,9,3.77,Evening,Economy,130,382.9299378688001,382.9299378688001,402.0764347622401,0.5714285632653062,1.7499999562500013,0.5633802816901409,2.9456148840245016,0.0899999991,1.7499999562500013,1.0,1,0.5714285632653062,449.9426753205217
42,12,Rural,Gold,92,4.5,Afternoon,Economy,123,319.2967130915861,319.2967130915861,335.26154874616543,0.2857142789115648,3.499999708333358,0.27906976744186046,2.5959082154120154,0.9199999908000002,3.499999708333358,1.0,0,0.2857142789115648,431.0505533608213
87,33,Rural,Regular,53,4.15,Evening,Economy,143,640.1373391067773,640.1373391067773,672.1442060621162,0.37931034046769724,2.6363635564738317,0.375,4.476484857554492,0.5299999947,2.6363635564738317,1.0,1,0.37931034046769724,808.9008143027011
70,43,Suburban,Gold,47,4.31,Morning,Economy,57,243.4933853851045,243.4933853851045,255.66805465435974,0.6142857055102042,1.6279069388858853,0.6056338028169014,4.271813703741944,0.4699999953000001,1.6279069388858853,1.0,0,0.6142857055102042,283.13184254922714
61,15,Urban,Gold,29,4.49,Afternoon,Economy,32,135.005874109167,135.005874109167,141.75616781462534,0.24590163531308795,4.066666395555574,0.24193548387096775,4.2189334340697995,0.2899999971,4.066666395555574,1.0,0,0.24590163531308795,189.90825925340258
71,36,Suburban,Silver,69,4.37,Morning,Economy,110,392.9639432866157,392.9639432866157,412.61214045094647,0.5070422463796866,1.9722221674382732,0.5,3.5723994519474203,0.6899999931,1.9722221674382732,1.0,0,0.5070422463796866,470.46516328199766
81,33,Suburban,Regular,41,4.93,Afternoon,Premium,162,617.2885000560723,617.2885000560723,648.1529250588759,0.4074074023776864,2.4545453801652917,0.4024390243902439,3.8104228163311697,0.4099999959,2.4545453801652917,1.5,0,0.4074074023776864,1153.2071454903776
87,64,Rural,Silver,69,4.55,Evening,Premium,65,310.7883994951958,310.7883994951958,326.3278194699556,0.7356321754525037,1.359374978759766,0.7272727272727273,4.781359918674398,0.6899999931,1.359374978759766,1.5,1,0.7356321754525037,529.5542953371782
85,65,Suburban,Regular,73,4.65,Afternoon,Premium,165,770.0708908209459,770.0708908209459,808.5744353619932,0.7647058733564015,1.307692287573965,0.7558139534883721,4.667096279720301,0.7299999927,1.307692287573965,1.5,0,0.7647058733564015,1306.1587009531836
91,65,Urban,Regular,40,3.58,Evening,Economy,141,373.50470759834695,373.50470759834695,392.1799429782643,0.7142857064364209,1.399999978461539,0.7065217391304348,2.6489695386480667,0.399999996,1.399999978461539,1.0,1,0.7142857064364209,425.7953658576439
83,57,Rural,Silver,80,4.6,Night,Premium,172,814.4195559447121,814.4195559447121,855.1405337419477,0.6867469796777472,1.4561403253308716,0.6785714285714286,4.734997390754155,0.799999992,1.4561403253308716,1.5,1,0.6867469796777472,1399.5157074894419
64,10,Suburban,Gold,75,3.61,Morning,Premium,155,473.34669329802574,473.34669329802574,497.01402796292706,0.15624999755859378,6.399999360000065,0.15384615384615385,3.0538496144785556,0.7499999925,6.399999360000065,1.5,0,0.15624999755859378,1164.4328200718653
69,22,Rural,Silver,25,4.41,Night,Premium,74,266.76777889406367,266.76777889406367,280.10616783876685,0.31884057508926705,3.1363634938016594,0.3142857142857143,3.6049699363391046,0.24999999750000004,3.1363634938016594,1.5,1,0.31884057508926705,525.6537767979796
37,12,Rural,Silver,15,3.73,Evening,Economy,142,369.36165888010754,369.36165888010754,387.82974182411294,0.3243243155588023,3.0833330763889104,0.3157894736842105,2.6011384244997826,0.1499999985,3.0833330763889104,1.0,1,0.3243243155588023,483.2481608775989
93,28,Urban,Silver,63,3.9,Evening,Economy,38,111.72394123957052,111.72394123957052,117.31013830154905,0.3010752655798359,3.3214284528061264,0.2978723404255319,2.940103639459655,0.6299999937,3.3214284528061264,1.0,1,0.3010752655798359,148.83224896884548
66,49,Rural,Gold,42,4.56,Afternoon,Economy,124,429.94835612457183,429.94835612457183,451.44577393080044,0.7424242311753905,1.3469387480216584,0.7313432835820896,3.467325424655213,0.4199999958,1.3469387480216584,1.0,0,0.7424242311753905,487.8597661758119
47,36,Rural,Silver,100,4.2,Morning,Economy,103,414.77830030238334,414.77830030238334,435.5172153175025,0.7659574305115441,1.3055555192901245,0.75,4.026973750246695,0.9999999900000002,1.3055555192901245,1.0,0,0.7659574305115441,468.92991022653865
71,30,Rural,Regular,45,4.16,Evening,Premium,53,227.1825700126456,227.1825700126456,238.5416985132779,0.4225352053164056,2.36666658777778,0.4166666666666667,4.286463504267587,0.4499999955000001,2.36666658777778,1.5,1,0.4225352053164056,421.4236646851307
58,19,Urban,Silver,47,3.97,Evening,Economy,77,247.4420018201041,247.4420018201041,259.81410191110933,0.3275862012485138,3.052631418282557,0.3220338983050847,3.213532449435996,0.4699999953000001,3.052631418282557,1.0,1,0.3275862012485138,322.976924715982
100,18,Suburban,Silver,50,4.89,Morning,Premium,51,213.8232968736634,213.8232968736634,224.51446171734656,0.1799999982,5.555555246913597,0.1782178217821782,4.1926135819813695,0.4999999950000001,5.555555246913597,1.5,0,0.1799999982,498.92101613932175
94,28,Urban,Regular,59,4.45,Night,Economy,173,652.5878909594384,652.5878909594384,685.2172855074103,0.2978723372566773,3.357142737244902,0.29473684210526313,3.7721843190014686,0.5899999941,3.357142737244902,1.0,1,0.2978723372566773,871.670960814283
49,6,Rural,Silver,23,4.65,Night,Premium,69,289.6463054085282,289.6463054085282,304.1286206789546,0.12244897709287803,8.166665305555782,0.12,4.1977724813153,0.22999999770000004,8.166665305555782,1.5,1,0.12244897709287803,789.2861231021285
42,7,Rural,Gold,90,3.67,Evening,Economy,32,123.762469326047,123.762469326047,129.95059279234934,0.1666666626984128,5.999999142857265,0.16279069767441862,3.8675770455771863,0.8999999910000002,5.999999142857265,1.0,1,0.1666666626984128,198.01994031346507
79,63,Urban,Gold,56,4.66,Evening,Premium,70,292.5906288976858,292.5906288976858,307.2201603425701,0.7974683443358438,1.2539682340639964,0.7875,4.179866067397425,0.5599999944,1.2539682340639964,1.5,1,0.7974683443358438,493.9208464799044
59,5,Rural,Gold,17,4.97,Evening,Premium,143,440.93951077757487,440.93951077757487,462.98648631645364,0.08474576127549557,11.799997640000472,0.08333333333333333,3.083493060797775,0.1699999983,11.799997640000472,1.5,1,0.08474576127549557,1441.8720441501143
54,7,Urban,Regular,91,3.75,Night,Economy,97,298.3226183929867,298.3226183929867,313.23874931263606,0.12962962722908097,7.714284612245056,0.12727272727272726,3.075490879561813,0.9099999909000002,7.714284612245056,1.0,1,0.12962962722908097,528.4571768483538
60,6,Rural,Silver,65,4.76,Morning,Economy,168,629.2044295696749,629.2044295696749,660.6646510481586,0.09999999833333337,9.999998333333611,0.09836065573770492,3.7452644394310144,0.6499999935,9.999998333333611,1.0,0,0.09999999833333337,1258.4087542719624
26,13,Suburban,Silver,4,3.63,Night,Premium,123,441.99619244539696,441.99619244539696,464.0960020676668,0.49999998076923147,1.9999998461538582,0.48148148148148145,3.5934649500157074,0.0399999996,1.9999998461538582,1.5,1,0.49999998076923147,795.5931362018032
90,10,Rural,Silver,59,4.44,Morning,Premium,147,691.5012905566776,691.5012905566776,726.0763550845115,0.11111110987654323,8.99999910000009,0.10989010989010989,4.704090379949573,0.5899999941,8.99999910000009,1.5,0,0.11111110987654323,1970.7785847338664
34,12,Suburban,Silver,38,4.18,Afternoon,Economy,24,106.94859059241988,106.94859059241988,112.29602012204087,0.35294116608996573,2.833333097222242,0.34285714285714286,4.456191089009533,0.3799999962,2.833333097222242,1.0,0,0.35294116608996573,137.25068873509733
80,34,Suburban,Silver,84,3.8,Night,Economy,174,561.4385219871201,561.4385219871201,589.5104480864761,0.4249999946875001,2.3529411072664383,0.41975308641975306,3.2266581537957584,0.8399999916,2.3529411072664383,1.0,1,0.4249999946875001,693.5416997457609
21,7,Rural,Regular,58,4.31,Morning,Premium,75,328.45835687553256,328.45835687553256,344.8812747193092,0.3333333174603182,2.9999995714286327,0.3181818181818182,4.379444699947839,0.5799999942,2.9999995714286327,1.5,0,0.3333333174603182,640.4937747921115
97,71,Suburban,Silver,52,4.32,Evening,Economy,36,133.38738314122594,133.38738314122594,140.05675229828725,0.7319587553406314,1.3661971638563781,0.7244897959183674,3.705204984333916,0.5199999948,1.3661971638563781,1.0,1,0.7319587553406314,151.61072959540263
64,7,Suburban,Regular,92,4.58,Evening,Premium,16,114.6992021313152,114.6992021313152,120.43416223788097,0.10937499829101566,9.14285583673488,0.1076923076923077,7.168699685163469,0.9199999908000002,9.14285583673488,1.5,1,0.10937499829101566,329.35054364824214
47,34,Rural,Gold,16,4.38,Evening,Premium,46,237.14338896943255,237.14338896943255,249.0005584179042,0.7234042399275694,1.3823529005190325,0.7083333333333334,5.155290952481339,0.1599999984,1.3823529005190325,1.5,1,0.7234042399275694,404.88746119127006
44,28,Rural,Gold,30,3.93,Evening,Premium,42,157.10657171647188,157.10657171647188,164.96190030229548,0.6363636219008268,1.5714285153061245,0.6222222222222222,3.7406325708533172,0.299999997,1.5714285153061245,1.5,1,0.6363636219008268,272.6921195852955
21,9,Suburban,Gold,13,4.01,Evening,Economy,127,431.251597706785,431.251597706785,452.8141775921243,0.4285714081632663,2.333333074074103,0.4090909090909091,3.395681844969316,0.1299999987,2.333333074074103,1.0,1,0.4285714081632663,531.8769593244391
57,37,Urban,Gold,59,3.92,Evening,Economy,159,585.8075881778408,585.8075881778408,615.0979675867328,0.6491227956294247,1.540540498904311,0.6379310344827587,3.6843244307768326,0.5899999941,1.540540498904311,1.0,1,0.6491227956294247,676.0536195931829
62,5,Rural,Silver,51,4.4,Afternoon,Economy,160,647.204374917644,647.204374917644,679.5645936635262,0.08064515998959419,12.399997520000495,0.07936507936507936,4.0450273179538545,0.5099999949,12.399997520000495,1.0,0,0.08064515998959419,1449.73763930887
25,6,Urban,Gold,60,3.91,Evening,Premium,145,559.578839787104,559.578839787104,587.5577817764593,0.23999999040000036,4.166665972222338,0.23076923076923078,3.8591643857099287,0.599999994,4.166665972222338,1.5,1,0.23999999040000036,1189.1049762581433
92,33,Suburban,Silver,70,3.69,Evening,Premium,46,173.1505322724627,173.1505322724627,181.80805888608583,0.3586956482750473,2.7878787033976153,0.3548387096774194,3.7641419240939302,0.699999993,2.7878787033976153,1.5,1,0.3586956482750473,332.13420061934806
38,7,Rural,Gold,46,3.79,Night,Economy,78,198.17046750812372,198.17046750812372,208.0789908835299,0.18421052146814418,5.428570653061335,0.1794871794871795,2.5406469867625225,0.4599999954000001,5.428570653061335,1.0,1,0.18421052146814418,305.74870592992824
99,31,Urban,Silver,0,3.54,Morning,Economy,50,192.7088692483722,192.7088692483722,202.3443127107908,0.31313130996837063,3.1935482840790876,0.31,3.854177307883898,0.0,3.1935482840790876,1.0,0,0.31313130996837063,254.25137711986824
35,7,Rural,Regular,65,4.19,Night,Economy,65,165.0758241756551,165.0758241756551,173.32961538443786,0.19999999428571447,4.999999285714388,0.19444444444444445,2.5396280251696473,0.6499999935,4.999999285714388,1.0,1,0.19999999428571447,247.61372447235402
30,13,Urban,Gold,53,3.68,Night,Premium,124,379.4680328899806,379.4680328899806,398.44143453447964,0.4333333188888894,2.3076921301775286,0.41935483870967744,3.0602260470141496,0.5299999947,2.3076921301775286,1.5,1,0.4333333188888894,700.5563583080942
28,6,Urban,Gold,53,4.48,Night,Premium,148,461.10955384851616,461.10955384851616,484.165031540942,0.21428570663265334,4.6666658888890185,0.20689655172413793,3.1156050725196693,0.5299999947,4.6666658888890185,1.5,1,0.21428570663265334,1014.4409646706299
59,47,Rural,Silver,73,3.54,Night,Economy,75,234.5672445982206,234.5672445982206,246.29560682813164,0.7966101559896585,1.2553191222272528,0.7833333333333333,3.1275632196087653,0.7299999927,1.2553191222272528,1.0,1,0.7966101559896585,264.0129193574509
24,13,Urban,Silver,50,4.26,Night,Premium,141,540.0620306756346,540.0620306756346,567.0651322094163,0.5416666440972231,1.8461537041420228,0.52,3.8302271407475703,0.4999999950000001,1.8461537041420228,1.5,1,0.5416666440972231,959.6486737731947
21,6,Suburban,Regular,15,3.81,Evening,Premium,80,318.8415033130425,318.8415033130425,334.7835784786946,0.28571427210884415,3.4999994166667636,0.2727272727272727,3.985518741594047,0.1499999985,3.4999994166667636,1.5,1,0.28571427210884415,645.6540163102842
84,54,Suburban,Silver,59,4.98,Afternoon,Premium,43,196.31514152174805,196.31514152174805,206.13089859783545,0.6428571352040817,1.5555555267489718,0.6352941176470588,4.565468301308831,0.5899999941,1.5555555267489718,1.5,0,0.6428571352040817,340.2795777894213
100,50,Urban,Silver,83,4.91,Morning,Premium,173,622.4914304114809,622.4914304114809,653.6160019320549,0.4999999950000001,1.999999960000001,0.49504950495049505,3.5982163399610667,0.8299999917,1.999999960000001,1.5,0,0.4999999950000001,1120.484571005717
30,11,Urban,Silver,99,4.96,Evening,Economy,83,349.6745279402746,349.6745279402746,367.1582543372883,0.36666665444444485,2.7272724793388656,0.3548387096774194,4.212946069003958,0.9899999901000002,2.7272724793388656,1.0,1,0.36666665444444485,445.04029961800654
45,35,Rural,Regular,0,4.58,Afternoon,Premium,41,206.1473318707726,206.1473318707726,216.45469846431124,0.7777777604938276,1.285714248979593,0.7608695652173914,5.02798358153144,0.0,1.285714248979593,1.5,0,0.7777777604938276,348.9779821024655
53,35,Urban,Gold,35,3.92,Afternoon,Premium,166,635.9330544824535,635.9330544824535,667.7297072065762,0.6603773460306162,1.5142856710204096,0.6481481481481481,3.830921991876696,0.3499999965,1.5142856710204096,1.5,0,0.6603773460306162,1098.3472285433334
65,41,Rural,Gold,51,3.57,Night,Premium,48,251.1121418065252,251.1121418065252,263.66774889685144,0.6307692210650889,1.5853658149910779,0.6212121212121212,5.231502845312966,0.5099999949,1.5853658149910779,1.5,1,0.6307692210650889,436.38390351217635
93,6,Rural,Silver,85,4.47,Night,Economy,107,324.098767437868,324.098767437868,340.3037058097614,0.06451612833853626,15.499997416667098,0.06382978723404255,3.0289604150365195,0.8499999915,15.499997416667098,1.0,1,0.06451612833853626,826.4517732410625
28,5,Rural,Regular,69,4.49,Morning,Premium,132,425.4887347951667,425.4887347951667,446.76317153492505,0.17857142219387778,5.599998880000224,0.1724137931034483,3.223399481604297,0.6899999931,5.599998880000224,1.5,0,0.17857142219387778,995.6435679385968
38,8,Urban,Silver,78,3.57,Night,Economy,114,470.2690237026412,470.2690237026412,493.7824748877733,0.21052631024930765,4.749999406250074,0.20512820512820512,4.125166838398898,0.7799999922,4.749999406250074,1.0,1,0.21052631024930765,693.646782039176
25,6,Urban,Regular,69,4.45,Evening,Premium,94,398.051725971793,398.051725971793,417.9543122703827,0.23999999040000036,4.166665972222338,0.23076923076923078,4.2345927844383,0.6899999931,4.166665972222338,1.5,1,0.23999999040000036,845.8598762263456
76,23,Rural,Regular,64,3.57,Night,Premium,115,564.9317250247195,564.9317250247195,593.1783112759555,0.302631574965374,3.304347682419666,0.2987012987012987,4.912449740106694,0.6399999936,3.304347682419666,1.5,1,0.302631574965374,1127.4072129836957
22,7,Suburban,Gold,73,4.91,Morning,Premium,73,238.31899146487595,238.31899146487595,250.23494103811976,0.3181818037190089,3.142856693877615,0.30434782608695654,3.264643673975785,0.7299999927,3.142856693877615,1.5,0,0.3181818037190089,469.82885283784606
40,5,Rural,Silver,17,4.55,Afternoon,Economy,72,184.9552256292673,184.9552256292673,194.20298691073066,0.12499999687500009,7.99999840000032,0.12195121951219512,2.5688225425061773,0.1699999983,7.99999840000032,1.0,0,0.12499999687500009,332.91937653985093
89,16,Suburban,Regular,27,4.86,Afternoon,Economy,161,624.305615960136,624.305615960136,655.5208967581428,0.17977527887892947,5.562499652343772,0.17777777777777778,3.877674609207835,0.2699999973,5.562499652343772,1.0,0,0.17977527887892947,971.5755931335881
31,21,Suburban,Silver,77,4.83,Afternoon,Economy,107,389.3845083155804,389.3845083155804,408.8537337313594,0.677419332986473,1.476190405895695,0.65625,3.639107520340868,0.7699999923,1.476190405895695,1.0,0,0.677419332986473,446.8650758535676
92,45,Rural,Silver,59,4.23,Morning,Premium,121,574.8939389332888,574.8939389332888,603.6386358799533,0.4891304294659736,2.0444443990123466,0.4838709677419355,4.751189538695035,0.5899999941,2.0444443990123466,1.5,0,0.4891304294659736,1038.6417124216794
58,32,Urban,Gold,92,4.59,Afternoon,Premium,111,517.9444619823878,517.9444619823878,543.8416850815072,0.5517241284185496,1.812499943359377,0.5423728813559322,4.666166282128122,0.9199999908000002,1.812499943359377,1.5,0,0.5517241284185496,917.732839174539
58,20,Rural,Silver,42,3.51,Evening,Economy,125,527.1792011771714,527.1792011771714,553.53816123603,0.34482758026159344,2.899999855000007,0.3389830508474576,4.2174335756779024,0.4199999958,2.899999855000007,1.0,1,0.34482758026159344,680.0611618744531
36,7,Suburban,Regular,26,4.35,Morning,Economy,59,201.49683080394215,201.49683080394215,211.57167234413927,0.19444443904321004,5.14285640816337,0.1891891891891892,3.415200464215961,0.2599999974,5.14285640816337,1.0,0,0.19444443904321004,305.1237575564086
66,40,Rural,Regular,93,4.86,Evening,Economy,153,627.0167510146084,627.0167510146084,658.3675885653389,0.6060605968778697,1.6499999587500012,0.5970149253731343,4.0981486726566,0.9299999907000002,1.6499999587500012,1.0,1,0.6060605968778697,730.4745123455748
76,54,Urban,Regular,58,4.05,Evening,Economy,74,218.6251778894482,218.6251778894482,229.55643678392062,0.7105263064404433,1.4074073813443078,0.7012987012987013,2.9543942558791074,0.5799999942,1.4074073813443078,1.0,1,0.7105263064404433,249.39464680038037
55,23,Urban,Gold,46,4.58,Afternoon,Premium,150,654.676536309137,654.676536309137,687.4103631245938,0.41818181057851256,2.391304243856337,0.4107142857142857,4.364510212964179,0.4599999954000001,2.391304243856337,1.5,0,0.41818181057851256,1216.8444214080864
21,8,Urban,Regular,57,4.78,Night,Premium,84,293.5602166445157,293.5602166445157,308.23822747674154,0.38095236281179223,2.6249996718750412,0.36363636363636365,3.4947644422589437,0.5699999943,2.6249996718750412,1.5,1,0.38095236281179223,555.9296458218865
61,45,Rural,Gold,42,4.25,Afternoon,Economy,102,421.98526198279467,421.98526198279467,443.08452508193443,0.7377049059392639,1.3555555254320995,0.7258064516129032,4.137110371036121,0.4199999958,1.3555555254320995,1.0,0,0.7377049059392639,479.1877073359636
72,62,Suburban,Regular,48,3.82,Evening,Economy,126,553.7408048680613,553.7408048680613,581.4278451114644,0.8611110991512347,1.1612903038501565,0.8493150684931506,4.394768257724548,0.4799999952000001,1.1612903038501565,1.0,1,0.8611110991512347,618.0461876220076
65,18,Rural,Gold,65,4.01,Morning,Economy,111,330.62430999065225,330.62430999065225,347.15552549018486,0.276923072662722,3.611110910493838,0.2727272727272727,2.978597360468963,0.6499999935,3.611110910493838,1.0,0,0.276923072662722,450.01641529882636
20,8,Rural,Silver,27,4.99,Morning,Economy,83,261.4451502998812,261.4451502998812,274.5174078148753,0.399999980000001,2.4999996875000394,0.38095238095238093,3.1499415319269843,0.2699999973,2.4999996875000394,1.0,0,0.399999980000001,326.80642970469165
22,7,Suburban,Silver,16,4.1,Night,Economy,147,520.0637873298249,520.0637873298249,546.0669766963161,0.3181818037190089,3.142856693877615,0.30434782608695654,3.53784886933317,0.1599999984,3.142856693877615,1.0,1,0.3181818037190089,683.5123828551134
72,49,Suburban,Gold,15,4.34,Night,Premium,19,117.63327810103034,117.63327810103034,123.51494200608187,0.6805555461033952,1.4693877251145362,0.6712328767123288,6.191224837358184,0.1499999985,1.4693877251145362,1.5,1,0.6805555461033952,202.37725138754132
42,30,Urban,Regular,26,4.79,Afternoon,Economy,138,493.0149508584995,493.0149508584995,517.6656984014245,0.714285697278912,1.399999953333335,0.6976744186046512,3.572572081782083,0.2599999974,1.399999953333335,1.0,0,0.714285697278912,562.0370416779531
100,54,Suburban,Regular,91,4.59,Night,Premium,61,203.1132957396489,203.1132957396489,213.26896052663133,0.5399999946,1.8518518175582999,0.5346534653465347,3.3297261050807014,0.9099999909000002,1.8518518175582999,1.5,1,0.5399999946,361.09030249233217
87,32,Suburban,Silver,38,4.76,Afternoon,Economy,114,421.7762985074602,421.7762985074602,442.8651134328332,0.36781608772625185,2.7187499150390653,0.36363636363636365,3.699792059716387,0.3799999962,2.7187499150390653,1.0,0,0.36781608772625185,536.446726080725
36,8,Urban,Gold,47,4.07,Afternoon,Economy,77,305.0088858607341,305.0088858607341,320.2593301537708,0.22222221604938291,4.499999437500071,0.21621621621621623,3.961154310384153,0.4699999953000001,4.499999437500071,1.0,0,0.22222221604938291,442.2628673413168
70,38,Urban,Silver,99,4.19,Morning,Economy,76,317.77188818101894,317.77188818101894,333.6604825900699,0.5428571351020409,1.8421052146814418,0.5352112676056338,4.1812089999975,0.9899999901000002,1.8421052146814418,1.0,0,0.5428571351020409,376.3088134107613
41,7,Urban,Gold,4,4.15,Night,Economy,83,364.9140560714328,364.9140560714328,383.15975887500446,0.1707317031528853,5.857142020408283,0.16666666666666666,4.396554839456361,0.0399999996,5.857142020408283,1.0,1,0.1707317031528853,578.6494012367941
59,40,Rural,Gold,64,4.72,Night,Economy,157,398.3194964103068,398.3194964103068,418.23547123082216,0.6779660902039646,1.474999963125001,0.6666666666666666,2.5370668399569425,0.6399999936,1.474999963125001,1.0,1,0.6779660902039646,457.0716206620239
33,14,Urban,Regular,38,4.89,Morning,Economy,127,461.3060120664082,461.3060120664082,484.37131266972864,0.42424241138659363,2.3571426887755225,0.4117647058823529,3.632330775071476,0.3799999962,2.3571426887755225,1.0,0,0.42424241138659363,570.0424214294609
70,26,Urban,Silver,15,3.67,Night,Premium,70,358.2348071386952,358.2348071386952,376.14654749563,0.37142856612244907,2.6923075887574,0.36619718309859156,5.117640028872217,0.1499999985,2.6923075887574,1.5,1,0.37142856612244907,682.0239541805258
45,7,Rural,Regular,87,4.35,Evening,Economy,74,224.3071067625652,224.3071067625652,235.52246210069347,0.1555555520987655,6.428570510204213,0.15217391304347827,3.0311770774511912,0.8699999913000002,6.428570510204213,1.0,1,0.1555555520987655,368.50451193887073
98,71,Suburban,Regular,83,4.55,Morning,Economy,139,558.3815496134125,558.3815496134125,586.3006270940832,0.7244897885256144,1.3802816707002583,0.7171717171717171,4.017133421555965,0.8299999917,1.3802816707002583,1.0,0,0.7244897885256144,635.4539314322725
75,63,Urban,Gold,42,4.55,Evening,Premium,138,660.4425622593634,660.4425622593634,693.4646903723316,0.8399999888000002,1.1904761715797434,0.8289473684210527,4.785815633866288,0.4199999958,1.1904761715797434,1.5,1,0.8399999888000002,1108.6000133490718
100,34,Rural,Gold,33,4.75,Night,Economy,156,537.4486716625657,537.4486716625657,564.3211052456941,0.3399999966,2.9411763840830476,0.33663366336633666,3.4451837706242436,0.3299999967,2.9411763840830476,1.0,1,0.3399999966,695.52180573764
76,23,Urban,Silver,53,3.94,Evening,Economy,117,480.104370355134,480.104370355134,504.1095888728907,0.302631574965374,3.304347682419666,0.2987012987012987,4.103456121809213,0.5299999947,3.304347682419666,1.0,1,0.302631574965374,638.747546705388
32,12,Urban,Silver,69,3.68,Morning,Economy,55,162.28310451017555,162.28310451017555,170.39725973568434,0.3749999882812504,2.666666444444463,0.36363636363636365,2.9506018465377037,0.6899999931,2.666666444444463,1.0,0,0.3749999882812504,205.55859543993145
35,23,Suburban,Gold,58,3.78,Afternoon,Economy,164,638.0445145215127,638.0445145215127,669.9467402475884,0.6571428383673475,1.5217390642722146,0.6388888888888888,3.890515308725594,0.5799999942,1.5217390642722146,1.0,0,0.6571428383673475,735.1382407707113
30,16,Suburban,Gold,89,3.63,Afternoon,Economy,142,420.1110979571745,420.1110979571745,441.11665285503324,0.5333333155555561,1.8749998828125072,0.5161290322580645,2.958528838018631,0.8899999911000002,1.8749998828125072,1.0,0,0.5333333155555561,498.88192390096805
75,56,Urban,Regular,66,3.69,Evening,Premium,22,124.49060049402551,124.49060049402551,130.7151305187268,0.7466666567111113,1.3392856903698984,0.7368421052631579,5.6586634016073685,0.6599999934,1.3392856903698984,1.5,1,0.7466666567111113,211.74517271511888
25,6,Rural,Regular,23,3.95,Morning,Premium,55,235.27811761739352,235.27811761739352,247.0420234982632,0.23999999040000036,4.166665972222338,0.23076923076923078,4.277783878901993,0.22999999770000004,4.166665972222338,1.5,0,0.23999999040000036,499.9659754288281
88,16,Suburban,Gold,26,4.18,Morning,Economy,32,127.33149010162909,127.33149010162909,133.69806460671055,0.18181817975206616,5.499999656250021,0.1797752808988764,3.979108941328755,0.2599999974,5.499999656250021,1.0,0,0.18181817975206616,197.3638052805054
43,26,Rural,Silver,69,4.9,Evening,Economy,107,391.0269903920518,391.0269903920518,410.5783399116544,0.6046511487290431,1.6538460902366887,0.5909090909090909,3.6544578199775137,0.6899999931,1.6538460902366887,1.0,1,0.6046511487290431,455.6968363157432
39,20,Rural,Silver,97,4.25,Morning,Economy,121,319.5430197104816,319.5430197104816,335.52017069600566,0.5128204996712693,1.9499999025000048,0.5,2.6408513807407457,0.9699999903000002,1.9499999025000048,1.0,0,0.5128204996712693,381.85390543848115
77,63,Suburban,Gold,72,4.56,Morning,Economy,113,380.2853707615285,380.2853707615285,399.29963929960496,0.8181818075560805,1.2222222028218699,0.8076923076923077,3.365357233594436,0.7199999928,1.2222222028218699,1.0,0,0.8181818075560805,426.7646931168372
41,14,Suburban,Silver,59,4.72,Morning,Premium,49,179.62342246641472,179.62342246641472,188.60459358973546,0.3414634063057706,2.92857121938777,0.3333333333333333,3.665784057155728,0.5899999941,2.92857121938777,1.5,0,0.3414634063057706,348.341131504083
51,20,Rural,Silver,97,4.8,Morning,Economy,130,452.112640122952,452.112640122952,474.7182721290996,0.39215685505574793,2.549999872500006,0.38461538461538464,3.4777895126550957,0.9699999903000002,2.549999872500006,1.0,0,0.39215685505574793,567.4013575898689
30,10,Suburban,Gold,86,4.95,Evening,Economy,149,565.6691466337952,565.6691466337952,593.952603965485,0.33333332222222256,2.9999997000000302,0.3225806451612903,3.796437200250725,0.8599999914,2.9999997000000302,1.0,1,0.33333332222222256,735.3698736538611
29,8,Urban,Gold,52,4.68,Afternoon,Premium,121,402.1558775823215,402.1558775823215,422.26367146143764,0.27586205945303244,3.624999546875057,0.26666666666666666,3.3236022666009855,0.5199999948,3.624999546875057,1.5,0,0.27586205945303244,821.9060474748406
21,5,Rural,Gold,8,4.44,Afternoon,Premium,159,689.8421599513094,689.8421599513094,724.334267948875,0.23809522675737013,4.199999160000168,0.22727272727272727,4.338629909513708,0.0799999992,4.199999160000168,1.5,0,0.23809522675737013,1469.3637137761943
50,15,Suburban,Regular,62,4.51,Night,Economy,83,307.6469280930268,307.6469280930268,323.02927449767816,0.29999999400000016,3.333333111111126,0.29411764705882354,3.7065894504390045,0.6199999938,3.333333111111126,1.0,1,0.29999999400000016,410.1958972874378
61,42,Rural,Gold,11,3.72,Night,Economy,52,186.5262770863605,186.5262770863605,195.85259094067854,0.6885245788766463,1.4523809178004545,0.6774193548387096,3.587043721140707,0.10999999890000002,1.4523809178004545,1.0,1,0.6885245788766463,213.61699763721953
67,5,Suburban,Silver,81,4.53,Morning,Premium,14,91.06777716361007,91.06777716361007,95.62116602179059,0.074626864557808,13.399997320000535,0.07352941176470588,6.504840761340666,0.8099999919,13.399997320000535,1.5,0,0.074626864557808,319.6478612350323
73,22,Suburban,Regular,26,4.99,Night,Economy,33,143.8549860520897,143.8549860520897,151.0477353546942,0.3013698588853444,3.3181816673553786,0.2972972972972973,4.359241869480238,0.2599999974,3.3181816673553786,1.0,1,0.3013698588853444,191.58868379966052
35,18,Urban,Gold,27,3.82,Morning,Economy,158,553.837359075948,553.837359075948,581.5292270297455,0.5142856995918372,1.944444336419759,0.5,3.5052997188015715,0.2699999973,1.944444336419759,1.0,0,0.5142856995918372,661.5279506912384
96,58,Urban,Silver,25,3.61,Morning,Economy,85,336.56848365859423,336.56848365859423,353.39690784152396,0.6041666603732639,1.6551723852556486,0.5979381443298969,3.959629172929001,0.24999999750000004,1.6551723852556486,1.0,0,0.6041666603732639,392.2763696485015
38,28,Urban,Gold,8,4.83,Morning,Economy,29,95.02020685904614,95.02020685904614,99.77121720199845,0.7368420858725767,1.3571428086734711,0.717948717948718,3.276558744223703,0.0799999992,1.3571428086734711,1.0,0,0.7368420858725767,107.91580590078814
75,28,Urban,Gold,6,4.02,Evening,Premium,171,575.0117219060105,575.0117219060105,603.7623080013111,0.37333332835555566,2.6785713329081666,0.3684210526315789,3.36264162890859,0.05999999940000001,2.6785713329081666,1.5,1,0.37333332835555566,1093.5490700165562
57,26,Suburban,Silver,92,4.11,Afternoon,Premium,58,264.675747588135,264.675747588135,277.90953496754173,0.4561403428747308,2.1923076079881687,0.4482758620689655,4.5633748797372435,0.9199999908000002,2.1923076079881687,1.5,0,0.4561403428747308,484.0512196453161
36,10,Rural,Gold,65,3.54,Night,Economy,53,185.61792391524813,185.61792391524813,194.89882011101054,0.2777777700617286,3.5999996400000365,0.2702702702702703,3.502224913453268,0.6499999935,3.5999996400000365,1.0,1,0.2777777700617286,252.44036984249286
73,27,Rural,Gold,98,3.97,Evening,Economy,57,251.1556502722435,251.1556502722435,263.7134327858557,0.3698630086320136,2.703703603566533,0.36486486486486486,4.406239401157967,0.9799999902000002,2.703703603566533,1.0,1,0.3698630086320136,319.0606939419596
68,29,Rural,Gold,51,3.99,Evening,Economy,110,299.689056274687,299.689056274687,314.6735090884214,0.42647058196366794,2.3448275053507754,0.42028985507246375,2.7244459413658277,0.5099999949,2.3448275053507754,1.0,1,0.42647058196366794,369.96097049523723
25,9,Rural,Gold,11,3.58,Night,Economy,31,92.65681121424488,92.65681121424488,97.28965177495714,0.35999998560000057,2.777777469135837,0.34615384615384615,2.988929297590825,0.10999999890000002,2.777777469135837,1.0,1,0.35999998560000057,118.39481146953511
97,25,Urban,Regular,95,4.91,Night,Premium,101,332.2293764400841,332.2293764400841,348.8408452620883,0.25773195610585614,3.879999844800006,0.25510204081632654,3.2893997341651917,0.9499999905000002,3.879999844800006,1.5,1,0.25773195610585614,691.7015540139555
30,7,Rural,Regular,85,3.74,Evening,Economy,44,184.11208970364285,184.11208970364285,193.31769418882502,0.2333333255555558,4.285713673469475,0.22580645161290322,4.184365579983575,0.8499999915,4.285713673469475,1.0,1,0.2333333255555558,263.01725973303695
83,7,Suburban,Gold,24,4.9,Morning,Premium,24,124.5817744544144,124.5817744544144,130.81086317713513,0.08433734838147773,11.857141163265547,0.08333333333333333,5.190907052646139,0.23999999760000004,11.857141163265547,1.5,0,0.08433734838147773,408.4502145930368
27,5,Rural,Gold,2,4.3,Evening,Economy,22,60.98181721983856,60.98181721983856,64.03090808083049,0.18518517832647488,5.399998920000216,0.17857142857142858,2.77190065672445,0.0199999998,5.399998920000216,1.0,1,0.18518517832647488,93.91199193251644
58,21,Suburban,Gold,72,4.14,Afternoon,Economy,10,35.88598786056829,35.88598786056829,37.68028725359671,0.36206895927467314,2.7619046303854935,0.3559322033898305,3.588598427196987,0.7199999928,2.7619046303854935,1.0,0,0.36206895927467314,45.79735546437441
32,15,Urban,Gold,67,3.76,Evening,Premium,23,132.12301879164062,132.12301879164062,138.72916973122267,0.468749985351563,2.1333331911111206,0.45454545454545453,5.744478828137469,0.6699999933,2.1333331911111206,1.5,1,0.468749985351563,240.46389138216176
76,8,Urban,Gold,40,4.68,Afternoon,Economy,157,561.5796822292014,561.5796822292014,589.6586663406614,0.10526315650969531,9.499998812500149,0.1038961038961039,3.5769406283583485,0.399999996,9.499998812500149,1.0,0,0.10526315650969531,1095.0803136593636
21,9,Suburban,Regular,38,4.54,Morning,Economy,179,546.3787898746884,546.3787898746884,573.6977293684229,0.4285714081632663,2.333333074074103,0.4090909090909091,3.052395457107782,0.3799999962,2.333333074074103,1.0,0,0.4285714081632663,673.8671600134079
47,37,Urban,Gold,53,4.69,Night,Economy,41,147.4597413359118,147.4597413359118,154.83272840270737,0.7872340258035314,1.2702702359386424,0.7708333333333334,3.59657896925202,0.5299999947,1.2702702359386424,1.0,1,0.7872340258035314,166.19111337773376
33,20,Suburban,Regular,97,4.13,Morning,Premium,169,668.8922140357987,668.8922140357987,702.3368247375887,0.6060605876951337,1.649999917500004,0.5882352941176471,3.9579420714666074,0.9699999903000002,1.649999917500004,1.5,0,0.6060605876951337,1168.8891357500177
92,66,Rural,Silver,26,3.56,Evening,Economy,19,62.06928479024478,62.06928479024478,65.17274902975701,0.7173912965500946,1.3939393728191005,0.7096774193548387,3.2668042907073938,0.2599999974,1.3939393728191005,1.0,1,0.7173912965500946,70.72136678142917
24,7,Rural,Silver,34,3.51,Afternoon,Premium,111,477.7411361723483,477.7411361723483,501.62819298096576,0.2916666545138894,3.42857093877558,0.28,4.3039741609763436,0.3399999966,3.42857093877558,1.5,0,0.2916666545138894,962.3071106192438
75,9,Rural,Gold,71,4.06,Night,Economy,150,411.0057654245888,411.0057654245888,431.55605369581826,0.11999999840000003,8.33333240740751,0.11842105263157894,2.7400384178970025,0.7099999929,8.33333240740751,1.0,1,0.11999999840000003,753.5105318889943
89,76,Urban,Gold,35,4.8,Night,Premium,177,650.2985711974341,650.2985711974341,682.8134997573057,0.8539325746749149,1.1710526161703603,0.8444444444444444,3.674003206347067,0.3499999965,1.1710526161703603,1.5,1,0.8539325746749149,1089.6779332600413
67,20,Urban,Regular,42,4.13,Evening,Economy,68,243.22861759627588,243.22861759627588,255.39004847608967,0.298507458231232,3.349999832500008,0.29411764705882354,3.5768913826380073,0.4199999958,3.349999832500008,1.0,1,0.298507458231232,324.71020041694914
61,23,Suburban,Silver,51,4.73,Evening,Premium,150,680.9330686248741,680.9330686248741,714.9797220561178,0.3770491741467349,2.652173797731574,0.3709677419354839,4.539553760568802,0.5099999949,2.652173797731574,1.5,1,0.3770491741467349,1292.292529329688
80,67,Rural,Regular,80,4.74,Night,Economy,147,432.30725774113824,432.30725774113824,453.92262062819515,0.8374999895312502,1.194029832924928,0.8271604938271605,2.940865678913419,0.799999992,1.194029832924928,1.0,1,0.8374999895312502,483.92603401442676
66,15,Suburban,Gold,62,4.59,Night,Economy,161,720.729944900258,720.729944900258,756.766442145271,0.22727272382920116,4.399999706666686,0.22388059701492538,4.476583480892389,0.6199999938,4.399999706666686,1.0,1,0.22727272382920116,1037.8510995149613
39,12,Suburban,Regular,54,3.77,Morning,Premium,176,510.4543750320455,510.4543750320455,535.9770937836478,0.3076922998027616,3.2499997291666896,0.3,2.900308932566685,0.5399999946,3.2499997291666896,1.5,0,0.3076922998027616,1014.5280496389832
46,22,Urban,Regular,9,4.33,Morning,Economy,128,522.7974318549136,522.7974318549136,548.9373034476594,0.47826085916824224,2.090908995867773,0.46808510638297873,4.08435490445749,0.0899999991,2.090908995867773,1.0,0,0.47826085916824224,632.1096171831144
89,74,Rural,Silver,41,4.89,Morning,Premium,115,432.16279228896633,432.16279228896633,453.7709319034147,0.8314606648150488,1.2027026864499637,0.8222222222222222,3.757937291574166,0.4099999959,1.2027026864499637,1.5,0,0.8314606648150488,726.2086911238981
60,16,Urban,Gold,56,4.33,Night,Premium,126,382.4570671338528,382.4570671338528,401.5799204905454,0.2666666622222223,3.7499997656250144,0.26229508196721313,3.035373524591105,0.5599999944,3.7499997656250144,1.5,1,0.2666666622222223,788.8176875178158
58,13,Rural,Regular,99,3.62,Morning,Premium,106,351.43931589566165,351.43931589566165,369.0112816904448,0.22413792717003575,4.461538118343222,0.22033898305084745,3.315465213020721,0.9899999901000002,4.461538118343222,1.5,0,0.22413792717003575,762.3529594664363
68,16,Urban,Silver,93,4.44,Morning,Premium,154,510.19578633034166,510.19578633034166,535.7055756468587,0.23529411418685128,4.249999734375017,0.2318840579710145,3.312959629983,0.9299999907000002,4.249999734375017,1.5,0,0.23529411418685128,1090.5434729529932
45,19,Suburban,Silver,71,3.72,Night,Economy,121,313.92644056486665,313.92644056486665,329.62276259311,0.4222222128395064,2.3684209279778456,0.41304347826086957,2.5944333716564736,0.7099999929,2.3684209279778456,1.0,1,0.4222222128395064,388.277435732809
91,61,Suburban,Gold,100,4.88,Night,Economy,101,372.2298219510593,372.2298219510593,390.8413130486123,0.6703296629634103,1.4918032542327335,0.6630434782608695,3.6854437452041147,0.9999999900000002,1.4918032542327335,1.0,1,0.6703296629634103,427.7591879219654
39,12,Urban,Regular,70,4.02,Morning,Premium,66,314.46800852423786,314.46800852423786,330.1914089504498,0.3076922998027616,3.2499997291666896,0.3,4.764666723629866,0.699999993,3.2499997291666896,1.5,0,0.3076922998027616,625.005154166661
97,9,Rural,Gold,58,4.32,Evening,Premium,142,491.5779538643877,491.5779538643877,516.1568515576072,0.09278350419810821,10.777776580247048,0.09183673469387756,3.461816552130783,0.5799999942,10.777776580247048,1.5,1,0.09278350419810821,1532.084534575386
42,18,Suburban,Silver,39,3.94,Afternoon,Economy,128,527.1558943563921,527.1558943563921,553.5136890742117,0.4285714183673472,2.333333203703711,0.4186046511627907,4.118405392484271,0.3899999961,2.333333203703711,1.0,0,0.4285714183673472,650.1589295393817
27,15,Urban,Gold,11,3.77,Evening,Economy,111,432.849396942834,432.849396942834,454.49186678997575,0.5555555349794246,1.799999880000008,0.5357142857142857,3.8995440814710807,0.10999999890000002,1.799999880000008,1.0,1,0.5555555349794246,510.7622831983518
67,48,Rural,Regular,94,4.3,Evening,Premium,168,544.6027807887253,544.6027807887253,571.8329198281616,0.7164178997549567,1.395833304253473,0.7058823529411765,3.2416831996847746,0.9399999906000002,1.395833304253473,1.5,1,0.7164178997549567,930.9303760351816
69,51,Urban,Regular,75,3.57,Night,Premium,136,470.18271352951473,470.18271352951473,493.6918492059905,0.7391304240705736,1.3529411499423305,0.7285714285714285,3.457225809355066,0.7499999925,1.3529411499423305,1.5,1,0.7391304240705736,800.6935014631161
69,47,Urban,Regular,65,4.22,Night,Economy,18,53.5391040086766,53.5391040086766,56.21605920911043,0.6811594104179796,1.4680850751471262,0.6714285714285714,2.974394501904561,0.6499999935,1.4680850751471262,1.0,1,0.6811594104179796,61.399099961865375
93,18,Suburban,Gold,34,3.54,Afternoon,Economy,80,352.0685727015968,352.0685727015968,369.67200133667666,0.19354838501560878,5.166666379629645,0.19148936170212766,4.400857103759246,0.3399999966,5.166666379629645,1.0,0,0.19354838501560878,533.9706584917503
84,74,Suburban,Regular,7,4.4,Afternoon,Premium,101,396.3698341114785,396.3698341114785,416.18832581705243,0.8809523704648528,1.1351351197954713,0.8705882352941177,3.9244537642279678,0.0699999993,1.1351351197954713,1.5,0,0.8809523704648528,662.0447490363345
96,48,Urban,Gold,41,4.39,Morning,Economy,130,367.7829980600229,367.7829980600229,386.1721479630241,0.49999999479166674,1.9999999583333343,0.4948453608247423,2.829099963314792,0.4099999959,1.9999999583333343,1.0,0,0.49999999479166674,441.33959613959837
30,13,Suburban,Gold,72,4.18,Night,Premium,113,352.9356730761453,352.9356730761453,370.5824567299526,0.4333333188888894,2.3076921301775286,0.41935483870967744,3.1233245128568212,0.7199999928,2.3076921301775286,1.5,1,0.4333333188888894,651.5735408967273
60,48,Suburban,Regular,15,4.06,Morning,Economy,78,339.1055825696459,339.1055825696459,356.0608616981282,0.7999999866666669,1.2499999739583338,0.7868852459016393,4.347507413104339,0.1499999985,1.2499999739583338,1.0,0,0.7999999866666669,381.49377950776415
72,39,Urban,Regular,39,3.77,Night,Premium,115,347.8959667426787,347.8959667426787,365.2907650798127,0.5416666591435186,1.8461537988165695,0.5342465753424658,3.025182293195621,0.3899999961,1.8461537988165695,1.5,1,0.5416666591435186,618.184369203262
31,13,Suburban,Regular,82,4.63,Morning,Economy,108,469.2509135918648,469.2509135918648,492.713459271458,0.4193548251821024,2.384615201183446,0.40625,4.344915826360639,0.8199999918,2.384615201183446,1.0,0,0.4193548251821024,581.1491997639029
71,13,Rural,Silver,60,4.3,Night,Premium,62,213.8430201203033,213.8430201203033,224.53517112631846,0.18309858897044243,5.461538041420151,0.18055555555555555,3.449080914051974,0.599999994,5.461538041420151,1.5,1,0.18309858897044243,495.95129857233655
91,61,Rural,Silver,86,4.44,Morning,Premium,129,567.5392184514062,567.5392184514062,595.9161793739765,0.6703296629634103,1.4918032542327335,0.6630434782608695,4.399528791099825,0.8599999914,1.4918032542327335,1.5,0,0.6703296629634103,978.3073556256859
91,60,Rural,Gold,2,3.53,Evening,Premium,107,492.179013222281,492.179013222281,516.787963883395,0.6593406520951577,1.5166666413888894,0.6521739130434783,4.599803818901656,0.0199999998,1.5166666413888894,1.5,1,0.6593406520951577,850.2392434753116
32,6,Urban,Silver,13,4.75,Afternoon,Economy,53,173.88747446193491,173.88747446193491,182.58184818503167,0.1874999941406252,5.333332444444593,0.18181818181818182,3.2808956826611175,0.1299999987,5.333332444444593,1.0,0,0.1874999941406252,266.6274453849717
23,10,Suburban,Gold,47,4.84,Evening,Economy,125,418.10682439062094,418.10682439062094,439.012165610152,0.4347825897920613,2.299999770000023,0.4166666666666667,3.3448545683661313,0.4699999953000001,2.299999770000023,1.0,1,0.4347825897920613,514.2713843840078
61,47,Suburban,Silver,100,4.58,Night,Premium,157,658.3040013013618,658.3040013013618,691.21920136643,0.7704917906476756,1.2978723128112275,0.7580645161290323,4.193019089862056,0.9999999900000002,1.2978723128112275,1.5,1,0.7704917906476756,1115.6151824573253
57,40,Urban,Regular,78,3.62,Afternoon,Economy,171,764.5953413909641,764.5953413909641,802.8251084605123,0.7017543736534321,1.4249999643750009,0.6896551724137931,4.4713177597640135,0.7799999922,1.4249999643750009,1.0,0,0.7017543736534321,873.5501748153056
89,70,Suburban,Gold,86,4.51,Afternoon,Economy,90,384.2092919756728,384.2092919756728,403.4197565744564,0.7865168450953164,1.2714285532653065,0.7777777777777778,4.268992085629786,0.8599999914,1.2714285532653065,1.0,0,0.7865168450953164,433.0587584004445
64,45,Rural,Gold,22,3.96,Night,Premium,118,404.6018875393623,404.6018875393623,424.8319819163304,0.703124989013672,1.4222221906172847,0.6923076923076923,3.428829526360447,0.21999999780000004,1.4222221906172847,1.5,1,0.703124989013672,693.2178987326614
91,29,Urban,Regular,82,3.73,Afternoon,Premium,90,446.81702579708536,446.81702579708536,469.15787708693966,0.31868131517932624,3.1379309262782438,0.31521739130434784,4.96463356480502,0.8199999918,3.1379309262782438,1.5,0,0.31868131517932624,880.5376832410789
91,53,Suburban,Gold,67,4.56,Night,Economy,50,158.1067231747087,158.1067231747087,166.01205933344414,0.5824175760173893,1.716981099679602,0.5760869565217391,3.162134400251486,0.6699999933,1.716981099679602,1.0,1,0.5824175760173893,185.25334871703367
69,37,Suburban,Regular,47,4.39,Evening,Premium,60,284.2362895344896,284.2362895344896,298.44810401121407,0.5362318762864946,1.8648648144631133,0.5285714285714286,4.73727141328697,0.4699999953000001,1.8648648144631133,1.5,1,0.5362318762864946,505.8637726036974
71,61,Suburban,Regular,79,3.85,Afternoon,Economy,147,591.2989763287625,591.2989763287625,620.8639251452006,0.8591549174766914,1.1639344071486164,0.8472222222222222,4.022441988478371,0.7899999921,1.1639344071486164,1.0,0,0.8591549174766914,660.1222986748427
38,7,Rural,Silver,28,3.85,Evening,Economy,12,36.00027803358747,36.00027803358747,37.80029193526685,0.18421052146814418,5.428570653061335,0.1794871794871795,3.0000229194637127,0.2799999972,5.428570653061335,1.0,1,0.18421052146814418,55.543283317105626
100,32,Suburban,Regular,67,3.94,Evening,Premium,162,581.1370845965885,581.1370845965885,610.1939388264179,0.3199999968,3.1249999023437534,0.31683168316831684,3.587265932156312,0.6699999933,3.1249999023437534,1.5,1,0.3199999968,1144.1136267867835
65,51,Suburban,Gold,97,4.81,Night,Premium,144,588.1367698544636,588.1367698544636,617.5436083471868,0.784615372544379,1.2745097789311808,0.7727272727272727,4.084283095626254,0.9699999903000002,1.2745097789311808,1.5,1,0.784615372544379,994.643064460972
73,38,Urban,Regular,91,4.23,Evening,Premium,86,400.2673330229722,400.2673330229722,420.2806996741208,0.5205479380746858,1.9210525810249321,0.5135135135135135,4.654271260101174,0.9099999909000002,1.9210525810249321,1.5,1,0.5205479380746858,715.7411885150204
56,25,Suburban,Regular,87,3.73,Evening,Premium,172,575.4102708388258,575.4102708388258,604.1807843807671,0.44642856345663284,2.2399999104000035,0.43859649122807015,3.3454085319384723,0.8699999913000002,2.2399999104000035,1.5,1,0.44642856345663284,1056.4532495265703
75,55,Rural,Silver,80,4.7,Morning,Economy,69,190.9788526811355,190.9788526811355,200.52779531519226,0.7333333235555557,1.3636363388429757,0.7236842105263158,2.7678094190337115,0.799999992,1.3636363388429757,1.0,0,0.7333333235555557,217.02142302778904
97,21,Urban,Regular,43,3.79,Afternoon,Premium,106,398.1593839328215,398.1593839328215,418.0673531294626,0.21649484312891915,4.619047399092981,0.21428571428571427,3.7562205677037825,0.4299999957,4.619047399092981,1.5,0,0.21649484312891915,873.1066359161368
94,71,Rural,Regular,48,4.73,Night,Premium,169,770.8733244527833,770.8733244527833,809.4169906754225,0.7553191409008603,1.3239436433247376,0.7473684210526316,4.561380591073389,0.4799999952000001,1.3239436433247376,1.5,1,0.7553191409008603,1309.3989123368553
53,22,Urban,Silver,28,4.99,Afternoon,Premium,64,211.0820229741896,211.0820229741896,221.6361241228991,0.415094331790673,2.4090907995867816,0.4074074074074074,3.2981565574380167,0.2799999972,2.4090907995867816,1.5,0,0.415094331790673,392.9003983870773
81,8,Rural,Silver,78,4.8,Afternoon,Premium,141,618.4288567281086,618.4288567281086,649.3502995645141,0.09876543087943913,10.12499873437516,0.0975609756097561,4.386020229376514,0.7799999922,10.12499873437516,1.5,0,0.09876543087943913,1866.8819938431393
47,34,Rural,Silver,87,3.53,Morning,Premium,170,739.2271199769044,739.2271199769044,776.1884759757497,0.7234042399275694,1.3823529005190325,0.7083333333333334,4.348394797814763,0.8699999913000002,1.3823529005190325,1.5,0,0.7234042399275694,1262.1215929817172
80,48,Suburban,Regular,13,4.44,Night,Economy,35,128.7410738814351,128.7410738814351,135.17812757550686,0.5999999925000001,1.6666666319444452,0.5925925925925926,3.678316291517681,0.1299999987,1.6666666319444452,1.0,1,0.5999999925000001,150.19791908132336
75,55,Rural,Gold,54,4.73,Night,Premium,145,584.4917299915722,584.4917299915722,613.7163164911509,0.7333333235555557,1.3636363388429757,0.7236842105263158,4.030977420417895,0.5399999946,1.3636363388429757,1.5,1,0.7333333235555557,996.292719402814
89,12,Urban,Silver,42,4.73,Afternoon,Economy,102,328.31398217312767,328.31398217312767,344.72968128178405,0.1348314591591971,7.416666048611163,0.13333333333333333,3.2187644995525804,0.4199999958,7.416666048611163,1.0,0,0.1348314591591971,571.8134986599043
30,13,Rural,Gold,8,4.1,Afternoon,Economy,94,274.6803754439265,274.6803754439265,288.41439421612284,0.4333333188888894,2.3076921301775286,0.41935483870967744,2.922131622572286,0.0799999992,2.3076921301775286,1.0,0,0.4333333188888894,338.0681495165423
64,5,Rural,Gold,91,4.34,Evening,Premium,21,108.2430435427408,108.2430435427408,113.65519571987785,0.07812499877929689,12.799997440000512,0.07692307692307693,5.154430399443353,0.9099999909000002,12.799997440000512,1.5,1,0.07812499877929689,370.1911673508531
55,29,Suburban,Gold,92,4.85,Morning,Economy,44,181.78093960037765,181.78093960037765,190.86998658039653,0.5272727176859506,1.8965516587395979,0.5178571428571429,4.131384897022563,0.9199999908000002,1.8965516587395979,1.0,0,0.5272727176859506,216.25663385301155
94,76,Suburban,Gold,26,4.7,Morning,Premium,94,405.317954516569,405.317954516569,425.5838522423975,0.8085106296966954,1.23684208898892,0.8,4.311893087283786,0.2599999974,1.23684208898892,1.5,0,0.8085106296966954,683.174077610202
53,28,Urban,Gold,6,3.67,Evening,Economy,178,775.7916851510323,775.7916851510323,814.5812694085839,0.5283018768244929,1.8928570752551044,0.5185185185185185,4.3583802291722025,0.05999999940000001,1.8928570752551044,1.0,1,0.5283018768244929,922.6379631672536
29,7,Suburban,Regular,68,3.98,Morning,Economy,114,289.1296809487768,289.1296809487768,303.58616499621564,0.24137930202140337,4.142856551020492,0.23333333333333334,2.5362252492329085,0.6799999932,4.142856551020492,1.0,0,0.24137930202140337,408.9119602300873
29,17,Urban,Silver,76,3.61,Morning,Economy,166,674.132847635612,674.132847635612,707.8394900173927,0.5862068763376939,1.7058822525951616,0.5666666666666667,4.061041226352836,0.7599999924,1.7058822525951616,1.0,0,0.5862068763376939,789.1319737029149
75,42,Suburban,Silver,38,4.25,Afternoon,Economy,146,479.11995337350106,479.11995337350106,503.07595104217614,0.5599999925333334,1.7857142431972801,0.5526315789473685,3.281643493779846,0.3799999962,1.7857142431972801,1.0,0,0.5599999925333334,564.6770858674089
74,53,Suburban,Regular,60,3.93,Night,Economy,162,676.4404324115253,676.4404324115253,710.2624540321016,0.7162162065376189,1.3962263887504456,0.7066666666666667,4.175558198987451,0.599999994,1.3962263887504456,1.0,1,0.7162162065376189,770.8868306265987
89,75,Urban,Silver,10,4.91,Evening,Economy,16,54.44953818628992,54.44953818628992,57.17201509560442,0.8426966197449818,1.1866666508444448,0.8333333333333334,3.403095923949625,0.099999999,1.1866666508444448,1.0,1,0.8426966197449818,60.91088329824506
29,13,Suburban,Gold,44,4.29,Evening,Premium,87,267.7404170012178,267.7404170012178,281.12743785127867,0.4482758466111777,2.230769059171611,0.43333333333333335,3.0774760221119744,0.4399999956000001,2.230769059171611,1.5,1,0.4482758466111777,491.20068122222995
40,20,Rural,Silver,45,4.42,Evening,Premium,130,445.4842486108808,445.4842486108808,467.7584610414249,0.49999998750000035,1.9999999000000048,0.4878048780487805,3.4268018860313765,0.4499999955000001,1.9999999000000048,1.5,1,0.49999998750000035,801.871640817322
79,11,Urban,Regular,1,4.35,Night,Premium,45,210.25675967194184,210.25675967194184,220.76959765553894,0.13924050456657588,7.18181752892568,0.1375,4.672372333323767,0.0099999999,7.18181752892568,1.5,1,0.13924050456657588,541.8889918359727
98,87,Urban,Gold,87,4.28,Afternoon,Premium,170,603.8458024755097,603.8458024755097,634.0380925992852,0.8877550929820909,1.1264367686616463,0.8787878787878788,3.5520341113145624,0.8699999913000002,1.1264367686616463,1.5,0,0.8877550929820909,1007.7978208898264
95,76,Urban,Regular,74,4.39,Night,Economy,118,464.9915827255092,464.9915827255092,488.2411618617847,0.7999999915789475,1.2499999835526319,0.7916666666666666,3.940606599872056,0.7399999926,1.2499999835526319,1.0,1,0.7999999915789475,523.1155298014091
79,13,Rural,Gold,67,4.05,Evening,Premium,151,514.9363491532515,514.9363491532515,540.6831666109141,0.16455695994231698,6.076922609467492,0.1625,3.4101744751197156,0.6699999933,6.076922609467492,1.5,1,0.16455695994231698,1241.7887751207834
38,22,Suburban,Regular,18,4.17,Night,Premium,121,450.5387531372676,450.5387531372676,473.065690794131,0.578947353185596,1.727272648760334,0.5641025641025641,3.7234607389570815,0.1799999982,1.727272648760334,1.5,1,0.578947353185596,792.5386195309893
83,41,Suburban,Silver,48,3.64,Evening,Economy,176,741.3443926126964,741.3443926126964,778.4116122433313,0.49397589766294103,2.0243901945270686,0.4880952380952381,4.2121840250029114,0.4799999952000001,2.0243901945270686,1.0,1,0.49397589766294103,891.4214245299731
59,24,Suburban,Regular,40,4.0,Afternoon,Premium,147,631.6312970255759,631.6312970255759,663.2128618768547,0.40677965412237876,2.458333230902782,0.4,4.296811515161663,0.399999996,2.458333230902782,1.5,0,0.40677965412237876,1180.3609766117938
51,11,Suburban,Regular,72,3.62,Afternoon,Economy,16,71.21364105240121,71.21364105240121,74.77432310502128,0.21568627028066137,4.636363214876072,0.21153846153846154,4.450852287596808,0.7199999928,4.636363214876072,1.0,0,0.21568627028066137,104.23087162967536
64,46,Rural,Silver,51,5.0,Evening,Premium,29,144.60138253530263,144.60138253530263,151.83145166206776,0.7187499887695314,1.391304317580341,0.7076923076923077,4.986254398243043,0.5099999949,1.391304317580341,1.5,1,0.7187499887695314,247.07975298037195
30,6,Rural,Regular,93,3.81,Evening,Economy,129,505.92196882791006,505.92196882791006,531.2180672693056,0.19999999333333354,4.9999991666668056,0.1935483870967742,3.921875696946003,0.9299999907000002,4.9999991666668056,1.0,1,0.19999999333333354,758.8829110817081
60,15,Suburban,Regular,95,4.84,Afternoon,Economy,180,726.3339146351499,726.3339146351499,762.6506103669074,0.2499999958333334,3.9999997333333512,0.2459016393442623,4.035188392222008,0.9499999905000002,3.9999997333333512,1.0,0,0.2499999958333334,1016.8674611203066
75,51,Rural,Regular,17,4.83,Afternoon,Premium,79,283.4132787585248,283.4132787585248,297.58394269645106,0.6799999909333335,1.4705882064590547,0.6710526315789473,3.5875098122913296,0.1699999983,1.4705882064590547,1.5,0,0.6799999909333335,487.637551932214
25,15,Suburban,Regular,88,4.68,Afternoon,Premium,31,148.18648820169864,148.18648820169864,155.59581261178357,0.599999976000001,1.666666555555563,0.5769230769230769,4.780209142628693,0.8799999912000002,1.666666555555563,1.5,0,0.599999976000001,259.32635188319796
46,31,Suburban,Gold,67,3.53,Morning,Economy,61,158.59209307103367,158.59209307103367,166.52169772458535,0.6739130288279777,1.4838709198751316,0.6595744680851063,2.5998703355928416,0.6699999933,1.4838709198751316,1.0,0,0.6739130288279777,182.1251125740574
48,11,Urban,Regular,86,3.55,Night,Economy,15,57.89462608061131,57.89462608061131,60.78935738464188,0.22916666189236123,4.363635966942185,0.22448979591836735,3.859641481397989,0.8599999914,4.363635966942185,1.0,1,0.22916666189236123,83.15773334641376
51,6,Rural,Gold,64,4.57,Morning,Economy,34,142.5577269374603,142.5577269374603,149.68561328433333,0.11764705651672439,8.49999858333357,0.11538461538461539,4.19287419837018,0.6399999936,8.49999858333357,1.0,0,0.11764705651672439,263.731774638627
68,23,Suburban,Gold,96,4.77,Morning,Economy,105,359.128113102171,359.128113102171,377.08451875727957,0.3382352891435987,2.956521610586017,0.3333333333333333,3.4202677112562223,0.9599999904000002,2.956521610586017,1.0,0,0.3382352891435987,465.3051158377258
89,8,Suburban,Silver,18,3.83,Morning,Economy,121,407.5520587692045,407.5520587692045,427.92966170766476,0.08988763943946473,11.124998609375174,0.08888888888888889,3.3681988049669895,0.1799999982,11.124998609375174,1.0,0,0.08988763943946473,860.9536674747435
84,55,Suburban,Regular,1,4.47,Afternoon,Economy,146,487.3991192361553,487.3991192361553,511.76907519796305,0.6547618969671203,1.5272726995041328,0.6470588235294118,3.3383501088890766,0.0099999999,1.5272726995041328,1.0,0,0.6547618969671203,561.8382560933292
50,8,Rural,Regular,25,3.8,Evening,Premium,13,89.61312852216915,89.61312852216915,94.09378494827762,0.15999999680000007,6.249999218750098,0.1568627450980392,6.893317048373238,0.24999999750000004,6.249999218750098,1.5,1,0.15999999680000007,218.43199027125013
99,40,Urban,Gold,26,4.83,Evening,Premium,151,510.6580782397596,510.6580782397596,536.1909821517477,0.4040403999591879,2.4749999381250016,0.4,3.3818415553504506,0.2599999974,2.4749999381250016,1.5,1,0.4040403999591879,955.568924166605
21,9,Urban,Gold,91,4.82,Morning,Economy,47,171.6271185714875,171.6271185714875,180.2084745000619,0.4285714081632663,2.333333074074103,0.4090909090909091,3.651640742975463,0.9099999909000002,2.333333074074103,1.0,0,0.4285714081632663,211.67344178857644
53,19,Suburban,Silver,54,3.84,Evening,Economy,132,520.5653406452625,520.5653406452625,546.5936076775256,0.35849055927376305,2.7894735373961295,0.35185185185185186,3.943676793193831,0.5399999946,2.7894735373961295,1.0,1,0.35849055927376305,665.7756648668187
60,16,Urban,Gold,68,4.23,Night,Economy,108,458.096326804516,458.096326804516,481.00114314474183,0.2666666622222223,3.7499997656250144,0.26229508196721313,4.2416326163229945,0.6799999932,3.7499997656250144,1.0,1,0.2666666622222223,629.8824386195776
32,22,Suburban,Silver,9,4.68,Night,Premium,135,530.1491563778454,530.1491563778454,556.6566141967377,0.6874999785156257,1.454545388429755,0.6666666666666666,3.9270307588949236,0.0899999991,1.454545388429755,1.5,1,0.6874999785156257,910.8926361551662
51,25,Rural,Regular,21,4.43,Evening,Premium,38,200.2582591219043,200.2582591219043,210.27117207799952,0.49019606881968497,2.039999918400003,0.4807692307692308,5.269954048735533,0.2099999979,2.039999918400003,1.5,1,0.49019606881968497,361.6664135229982
22,5,Urban,Regular,75,4.39,Night,Premium,19,128.0167601925525,128.0167601925525,134.41759820218013,0.2272727169421492,4.399999120000176,0.21739130434782608,6.737723866043613,0.7499999925,4.399999120000176,1.5,1,0.2272727169421492,276.5161851177045
21,7,Rural,Regular,6,4.96,Afternoon,Premium,180,836.1164185613576,836.1164185613576,877.9222394894255,0.3333333174603182,2.9999995714286327,0.3181818181818182,4.645091188423702,0.05999999940000001,2.9999995714286327,1.5,0,0.3333333174603182,1630.4269624443136
55,21,Rural,Silver,49,4.59,Morning,Economy,111,471.0890518884983,471.0890518884983,494.6435044829233,0.3818181748760332,2.6190474943310718,0.375,4.24404547427435,0.4899999951000001,2.6190474943310718,1.0,0,0.3818181748760332,594.4695119840355
42,31,Rural,Gold,32,4.75,Night,Economy,12,50.6401755820817,50.6401755820817,53.17218436118579,0.7380952205215424,1.354838665972946,0.7209302325581395,4.220014280172285,0.3199999968,1.354838665972946,1.0,1,0.7380952205215424,57.50110237510803
86,26,Rural,Silver,31,3.69,Afternoon,Economy,85,263.1611767019543,263.1611767019543,276.319235537052,0.30232557787993514,3.3076921804733774,0.2988505747126437,3.0960138071287115,0.3099999969,3.3076921804733774,1.0,0,0.30232557787993514,350.206793340077
48,18,Rural,Silver,60,4.47,Afternoon,Premium,124,524.1655595085831,524.1655595085831,550.3738374840123,0.3749999921875002,2.6666665185185265,0.3673469387755102,4.227141574850335,0.599999994,2.6666665185185265,1.5,0,0.3749999921875002,995.914551418185
82,65,Urban,Gold,43,4.8,Night,Premium,112,330.2265438250878,330.2265438250878,346.7378710163422,0.7926829171624035,1.2615384421301779,0.7831325301204819,2.948451257827112,0.4299999957,1.2615384421301779,1.5,1,0.7926829171624035,557.8288376847017
63,48,Rural,Regular,88,4.09,Morning,Economy,70,212.7407519371268,212.7407519371268,223.37778953398313,0.7619047498110357,1.3124999726562507,0.75,3.039153555685332,0.8799999912000002,1.3124999726562507,1.0,0,0.7619047498110357,240.66297504716172
44,24,Urban,Regular,83,3.61,Night,Economy,13,48.92895253547415,48.92895253547415,51.375400162247864,0.5454545330578515,1.8333332569444476,0.5333333333333333,3.763765290131451,0.8299999917,1.8333332569444476,1.0,1,0.5454545330578515,57.89926012654826
39,18,Suburban,Gold,78,4.21,Afternoon,Economy,165,734.3951190125542,734.3951190125542,771.1148749631819,0.4615384497041424,2.166666546296303,0.45,4.450879482191969,0.7799999922,2.166666546296303,1.0,0,0.4615384497041424,893.5140526253335
23,7,Rural,Gold,98,4.35,Morning,Economy,76,281.33950234360725,281.33950234360725,295.40647746078764,0.3043478128544429,3.2857138163265978,0.2916666666666667,3.7018355084443653,0.9799999902000002,3.2857138163265978,1.0,0,0.3043478128544429,373.77961133649126
31,7,Rural,Silver,27,4.73,Morning,Premium,141,476.28985780068655,476.28985780068655,500.1043506907209,0.22580644432882438,4.428570795918458,0.21875,3.3779422299485415,0.2699999973,4.428570795918458,1.5,0,0.22580644432882438,1030.8272898982714
44,7,Rural,Regular,55,3.66,Night,Premium,103,490.3421583214189,490.3421583214189,514.8592662374898,0.1590909054752067,6.28571338775523,0.15555555555555556,4.760603432629276,0.5499999945,6.28571338775523,1.5,1,0.1590909054752067,1197.8357778533891
23,5,Urban,Gold,92,3.71,Night,Economy,105,363.4447759027239,363.4447759027239,381.6170146978601,0.21739129489603065,4.599999080000184,0.20833333333333334,3.461378785155668,0.9199999908000002,4.599999080000184,1.0,1,0.21739129489603065,530.6293393810641
63,46,Urban,Silver,36,4.59,Morning,Economy,18,49.83993575677632,49.83993575677632,52.331932544615135,0.7301587185689092,1.3695651876181483,0.71875,2.768885165993953,0.3599999964,1.3695651876181483,1.0,0,0.7301587185689092,56.665839853336905
25,15,Urban,Gold,15,4.18,Morning,Premium,176,516.8295590439432,516.8295590439432,542.6710369961404,0.599999976000001,1.666666555555563,0.5769230769230769,2.936531568792111,0.1499999985,1.666666555555563,1.5,0,0.599999976000001,904.4517197130751
27,11,Rural,Regular,1,4.34,Night,Economy,99,262.6864663772181,262.6864663772181,275.82078969607903,0.4074073923182447,2.454545231404979,0.39285714285714285,2.653398623472924,0.0099999999,2.454545231404979,1.0,1,0.4074073923182447,327.1640477173006
57,28,Urban,Gold,27,4.58,Afternoon,Economy,107,423.5098573724167,423.5098573724167,444.68535024103755,0.49122806155740245,2.0357142130102064,0.4827586206896552,3.9580360132185115,0.2699999973,2.0357142130102064,1.0,0,0.49122806155740245,509.72436097271213
83,26,Suburban,Gold,77,3.62,Night,Premium,74,373.975635759196,373.975635759196,392.6744175471558,0.31325300827406016,3.1923075695266316,0.30952380952380953,5.053724739263125,0.7699999923,3.1923075695266316,1.5,1,0.31325300827406016,740.0402415666864
80,5,Suburban,Regular,53,3.67,Evening,Premium,48,184.24294467848267,184.24294467848267,193.4550919124068,0.06249999921875001,15.99999680000064,0.06172839506172839,3.8383946008351684,0.5299999947,15.99999680000064,1.5,1,0.06249999921875001,718.5473958094866
50,40,Rural,Silver,61,4.7,Evening,Premium,73,319.11098294212263,319.11098294212263,335.06653208922876,0.7999999840000004,1.249999968750001,0.7843137254901961,4.371383268092321,0.6099999939,1.249999968750001,1.5,1,0.7999999840000004,538.4997822189993
84,8,Rural,Gold,21,4.63,Night,Economy,172,549.2008068168793,549.2008068168793,576.6608471577233,0.0952380941043084,10.499998687500165,0.09411764705882353,3.1930279280456477,0.2099999979,10.499998687500165,1.0,1,0.0952380941043084,1125.8615818920057
90,54,Rural,Regular,1,3.59,Afternoon,Premium,87,427.8571629452071,427.8571629452071,449.2500210924675,0.5999999933333334,1.6666666358024698,0.5934065934065934,4.917898368129985,0.0099999999,1.6666666358024698,1.5,0,0.5999999933333334,748.7500331732923
28,9,Urban,Silver,68,4.82,Evening,Premium,43,164.316390505398,164.316390505398,172.53221003066793,0.32142855994898,3.1111107654321373,0.3103448275862069,3.8213113182345744,0.6799999932,3.1111107654321373,1.5,1,0.32142855994898,323.1555594738412
97,64,Rural,Silver,62,3.52,Morning,Premium,152,638.1340201838489,638.1340201838489,670.0407211930413,0.6597938076309917,1.5156249763183598,0.6530612244897959,4.198250105168413,0.6199999938,1.5156249763183598,1.5,0,0.6597938076309917,1102.276809160136
99,22,Suburban,Silver,7,4.4,Morning,Economy,39,131.44358716419623,131.44358716419623,138.01576652240604,0.22222221997755334,4.4999997954545545,0.22,3.370348302406357,0.0699999993,4.4999997954545545,1.0,0,0.22222221997755334,190.59319869946583
96,53,Rural,Regular,58,4.28,Afternoon,Economy,21,55.6373707994896,55.6373707994896,58.419239339464085,0.5520833275824654,1.8113207205411186,0.5463917525773195,2.6493984833376722,0.5799999942,1.8113207205411186,1.0,0,0.5520833275824654,65.7150830560441
88,69,Rural,Gold,89,3.6,Evening,Premium,107,467.92749485577286,467.92749485577286,491.32386959856154,0.7840909001807852,1.2753623003570682,0.7752808988764045,4.373154116659989,0.8899999911000002,1.2753623003570682,1.5,1,0.7840909001807852,791.407805219596
53,17,Rural,Silver,78,4.03,Afternoon,Premium,26,120.24719290813758,120.24719290813758,126.25955255354447,0.3207547109291564,3.1176468754325364,0.3148148148148148,4.6248918570479125,0.7799999922,3.1176468754325364,1.5,0,0.3207547109291564,236.60403214964464
28,14,Rural,Silver,77,3.58,Afternoon,Economy,98,374.65518279544045,374.65518279544045,393.3879419352125,0.49999998214285774,1.9999998571428674,0.4827586206896552,3.8230120303309025,0.7699999923,1.9999998571428674,1.0,0,0.49999998214285774,449.58621400231203
59,21,Rural,Regular,97,3.6,Afternoon,Premium,67,269.44414015954374,269.44414015954374,282.91634716752094,0.3559321973570814,2.8095236757369677,0.35,4.021554270716261,0.9699999903000002,2.8095236757369677,1.5,0,0.3559321973570814,517.7176638993399
50,27,Suburban,Gold,100,4.22,Morning,Premium,173,685.6696935694298,685.6696935694298,719.9531782479013,0.5399999892000003,1.8518517832647488,0.5294117647058824,3.963408610439429,0.9999999900000002,1.8518517832647488,1.5,0,0.5399999892000003,1218.968337069216
89,8,Urban,Gold,40,3.59,Morning,Premium,151,528.0024896243917,528.0024896243917,554.4026141056113,0.08988763943946473,11.124998609375174,0.08888888888888889,3.4967052061436195,0.399999996,11.124998609375174,1.5,0,0.08988763943946473,1673.1077788592859
83,34,Urban,Silver,96,4.71,Evening,Premium,176,812.0729938599545,812.0729938599545,852.6766435529523,0.40963854928146326,2.4411763987889294,0.40476190476190477,4.614051075260815,0.9599999904000002,2.4411763987889294,1.5,1,0.40963854928146326,1515.47150479565
73,14,Urban,Gold,28,4.31,Evening,Economy,29,118.97305838669006,118.97305838669006,124.92171130602456,0.19178081929067373,5.214285341836762,0.1891891891891892,4.102519113247274,0.2799999972,5.214285341836762,1.0,1,0.19178081929067373,181.00900582861078
76,35,Suburban,Regular,8,4.89,Afternoon,Premium,138,406.5899107855241,406.5899107855241,426.9194063248004,0.460526309729917,2.171428509387757,0.45454545454545453,2.946303679994351,0.0799999992,2.171428509387757,1.5,0,0.460526309729917,742.317004764653
56,35,Rural,Silver,33,3.97,Morning,Economy,47,134.77582951421903,134.77582951421903,141.51462098993,0.624999988839286,1.5999999542857157,0.6140350877192983,2.8675707797159204,0.3299999967,1.5999999542857157,1.0,0,0.624999988839286,156.33996162037602
40,20,Rural,Regular,11,4.4,Afternoon,Economy,83,343.79851998722387,343.79851998722387,360.9884459865851,0.49999998750000035,1.9999999000000048,0.4878048780487805,4.1421507933141335,0.10999999890000002,1.9999999000000048,1.0,0,0.49999998750000035,412.55822054668363
27,6,Urban,Silver,92,3.73,Night,Premium,125,460.2837624776103,460.2837624776103,483.29795060149087,0.22222221399176983,4.4999992500001245,0.21428571428571427,3.682270070362722,0.9199999908000002,4.4999992500001245,1.5,1,0.22222221399176983,1001.1171316068877
32,7,Urban,Regular,79,4.05,Morning,Economy,83,306.390461217286,306.390461217286,321.7099842781503,0.21874999316406274,4.57142791836744,0.21212121212121213,3.691451295491984,0.7899999921,4.57142791836744,1.0,0,0.21874999316406274,446.4546520503037
48,24,Urban,Silver,35,4.2,Night,Premium,51,251.4211394087152,251.4211394087152,263.992196379151,0.4999999895833336,1.99999991666667,0.4897959183673469,4.9298261662527265,0.3499999965,1.99999991666667,1.5,1,0.4999999895833336,452.5580477929233
71,41,Urban,Gold,31,3.81,Afternoon,Premium,140,614.63671317069,614.63671317069,645.3685488292246,0.5774647805990876,1.731707274836408,0.5694444444444444,4.390262205574484,0.3099999969,1.731707274836408,1.5,0,0.5774647805990876,1081.6106998929183
53,6,Rural,Silver,74,4.12,Night,Economy,76,231.1651667910225,231.1651667910225,242.72342513057364,0.11320754503381991,8.833331861111356,0.1111111111111111,3.041646891439153,0.7399999926,8.833331861111356,1.0,1,0.11320754503381991,435.36103009044854
87,44,Rural,Silver,61,3.87,Evening,Premium,16,117.76366453355408,117.76366453355408,123.65184776023179,0.5057471206235963,1.977272682334712,0.5,7.360228573332844,0.6099999939,1.977272682334712,1.5,1,0.5057471206235963,211.57312832840495
36,16,Urban,Regular,82,4.62,Afternoon,Premium,72,253.4912438007839,253.4912438007839,266.1658059908231,0.44444443209876583,2.249999859375009,0.43243243243243246,3.520711670556559,0.8199999918,2.249999859375009,1.5,0,0.44444443209876583,465.7901551368598
39,20,Rural,Gold,71,4.11,Morning,Economy,111,404.5983991889042,404.5983991889042,424.8283191483494,0.5128204996712693,1.9499999025000048,0.5,3.645030590485348,0.7099999929,1.9499999025000048,1.0,0,0.5128204996712693,483.49508308590623
91,81,Rural,Gold,15,4.68,Evening,Premium,20,135.1772701347079,135.1772701347079,141.9361336414433,0.8901098803284628,1.12345677625362,0.8804347826086957,6.758863168792236,0.1499999985,1.12345677625362,1.5,1,0.8901098803284628,225.5457782213074
31,18,Urban,Regular,46,4.86,Night,Economy,128,360.8585507409454,360.8585507409454,378.9014782779927,0.5806451425598341,1.7222221265432152,0.5625,2.8192074056385783,0.4599999954000001,1.7222221265432152,1.0,1,0.5806451425598341,423.00640880478284
94,67,Suburban,Silver,34,4.64,Night,Premium,64,231.3263184773236,231.3263184773236,242.8926344011898,0.7127659498641921,1.4029850536867903,0.7052631578947368,3.6144736697320305,0.3399999966,1.4029850536867903,1.5,1,0.7127659498641921,395.6715828181967
83,18,Urban,Gold,12,4.98,Morning,Economy,81,286.409294385432,286.409294385432,300.72975910470365,0.21686746726665704,4.6111108549382855,0.21428571428571427,3.535917170981665,0.11999999880000002,4.6111108549382855,1.0,0,0.21686746726665704,418.4757950150201
34,9,Urban,Silver,65,4.69,Afternoon,Premium,107,508.7118174567975,508.7118174567975,534.1474083296374,0.2647058745674743,3.7777773580247382,0.2571428571428571,4.754316006565248,0.6499999935,3.7777773580247382,1.5,0,0.2647058745674743,1051.3377240473817
32,6,Rural,Gold,75,4.47,Morning,Premium,154,721.7212691270341,721.7212691270341,757.8073325833859,0.1874999941406252,5.333332444444593,0.18181818181818182,4.686501717146315,0.7499999925,5.333332444444593,1.5,0,0.1874999941406252,1659.9588227626919
22,7,Urban,Gold,15,3.53,Evening,Premium,180,552.2693747461685,552.2693747461685,579.882843483477,0.3181818037190089,3.142856693877615,0.30434782608695654,3.0681631759889187,0.1499999985,3.142856693877615,1.5,1,0.3181818037190089,1088.759587305943
49,20,Rural,Silver,52,4.74,Afternoon,Premium,162,510.62689141008207,510.62689141008207,536.1582359805861,0.4081632569762601,2.449999877500006,0.4,3.152017828753483,0.5199999948,2.449999877500006,1.5,0,0.4081632569762601,953.5957103255596
61,38,Urban,Silver,95,3.5,Night,Economy,164,415.9794524398186,415.9794524398186,436.77842506180957,0.6229508094598228,1.6052631156509707,0.6129032258064516,2.5364600603863328,0.9499999905000002,1.6052631156509707,1.0,1,0.6229508094598228,482.75509962685135
21,9,Urban,Gold,48,4.4,Afternoon,Premium,152,660.0597080304599,660.0597080304599,693.0626934319829,0.4285714081632663,2.333333074074103,0.4090909090909091,4.342498050578697,0.4799999952000001,2.333333074074103,1.5,0,0.4285714081632663,1221.110434187365
40,18,Urban,Silver,16,4.59,Afternoon,Premium,157,644.0445755475266,644.0445755475266,676.246804324903,0.4499999887500003,2.222222098765439,0.43902439024390244,4.102194722581732,0.1599999984,2.222222098765439,1.5,0,0.4499999887500003,1180.748376577048
22,6,Urban,Silver,82,4.3,Morning,Premium,172,710.884313751738,710.884313751738,746.428529439325,0.27272726033057904,3.666666055555657,0.2608695652173913,4.133048311736568,0.8199999918,3.666666055555657,1.5,0,0.27272726033057904,1457.3127780266782
34,11,Suburban,Gold,66,4.59,Morning,Economy,134,478.20015364109577,478.20015364109577,502.1101613231506,0.32352940224913523,3.090908809917381,0.3142857142857143,3.5686578363614774,0.6599999934,3.090908809917381,1.0,0,0.32352940224913523,626.0074604204066
56,31,Rural,Silver,9,4.79,Afternoon,Premium,167,744.4180991800615,744.4180991800615,781.6390041390646,0.5535714186862247,1.806451554630595,0.543859649122807,4.457593381571666,0.0899999991,1.806451554630595,1.5,0,0.5535714186862247,1318.3404336539384
93,36,Urban,Gold,60,4.63,Afternoon,Economy,111,478.7697584495512,478.7697584495512,502.7082463720288,0.38709677003121756,2.5833332615740763,0.3829787234042553,4.313241028255047,0.599999994,2.5833332615740763,1.0,0,0.38709677003121756,602.4519426134024
38,9,Suburban,Gold,57,4.26,Morning,Premium,16,104.0560727191975,104.0560727191975,109.25887635515738,0.2368420990304711,4.2222217530864725,0.23076923076923078,6.503504138480835,0.5699999943,4.2222217530864725,1.5,0,0.2368420990304711,221.98628114515782
76,26,Suburban,Silver,74,4.18,Evening,Premium,159,486.1839276370279,486.1839276370279,510.4931240188793,0.34210525865650976,2.9230768106508918,0.33766233766233766,3.057760531945078,0.7399999926,2.9230768106508918,1.5,1,0.34210525865650976,942.4488361435872
47,24,Suburban,Silver,11,3.62,Night,Premium,148,657.0936874279021,657.0936874279021,689.9483717992972,0.5106382870076961,1.9583332517361145,0.5,4.439822182351891,0.10999999890000002,1.9583332517361145,1.5,1,0.5106382870076961,1178.6617937812466
64,10,Urban,Silver,62,4.98,Evening,Economy,38,96.3007413779792,96.3007413779792,101.11577844687815,0.15624999755859378,6.399999360000065,0.15384615384615385,2.534229969572348,0.6199999938,6.399999360000065,1.0,1,0.15624999755859378,157.93320969663904
56,10,Rural,Gold,28,3.8,Afternoon,Economy,144,609.9082747031204,609.9082747031204,640.4036884382764,0.17857142538265314,5.599999440000056,0.17543859649122806,4.235474100469766,0.2799999972,5.599999440000056,1.0,0,0.17857142538265314,951.4568743820078
44,25,Rural,Silver,32,4.43,Night,Premium,154,502.1012063441772,502.1012063441772,527.2062666613862,0.5681818052685954,1.7599999296000028,0.5555555555555556,3.260397422621947,0.3199999968,1.7599999296000028,1.5,1,0.5681818052685954,885.7065226889401
34,6,Rural,Regular,11,3.75,Morning,Economy,179,465.719058488387,465.719058488387,489.00501141280637,0.17647058304498286,5.66666572222238,0.17142857142857143,2.601782435120696,0.10999999890000002,5.66666572222238,1.0,0,0.17647058304498286,729.6264809805693
45,18,Suburban,Silver,70,3.84,Night,Economy,122,308.43591786214927,308.43591786214927,323.8577137552567,0.39999999111111134,2.4999998611111187,0.391304347826087,2.5281632404425083,0.699999993,2.4999998611111187,1.0,1,0.39999999111111134,385.54489304385464
31,7,Rural,Regular,22,4.88,Afternoon,Premium,172,806.0212701919081,806.0212701919081,846.3223337015036,0.22580644432882438,4.428570795918458,0.21875,4.686170148289174,0.21999999780000004,4.428570795918458,1.5,0,0.22580644432882438,1744.46024399701
95,28,Rural,Regular,34,4.48,Evening,Economy,163,576.9675719994219,576.9675719994219,605.8159505993931,0.29473683900277015,3.3928570216836778,0.2916666666666667,3.5396783341088565,0.3399999966,3.3928570216836778,1.0,1,0.29473683900277015,772.7244197936241
82,59,Rural,Regular,39,3.5,Night,Premium,67,284.2944207006542,284.2944207006542,298.5091417356869,0.7195121863474124,1.3898304849181273,0.7108433734939759,4.243200245633641,0.3899999961,1.3898304849181273,1.5,1,0.7195121863474124,485.7097889382675
95,38,Urban,Silver,39,3.71,Afternoon,Premium,97,478.3662772118347,478.3662772118347,502.28459107242645,0.39999999578947376,2.4999999342105284,0.3958333333333333,4.931611054435296,0.3899999961,2.4999999342105284,1.5,0,0.39999999578947376,896.9367650514703
27,12,Suburban,Silver,1,4.93,Evening,Economy,41,119.4823999754907,119.4823999754907,125.45651997426523,0.44444442798353967,2.2499998125000156,0.42857142857142855,2.9142048063728265,0.0099999999,2.2499998125000156,1.0,1,0.44444442798353967,146.3659377296813
94,23,Suburban,Regular,71,4.15,Night,Premium,154,532.5097779421501,532.5097779421501,559.1352668392576,0.24468084846084204,4.086956344045376,0.24210526315789474,3.4578556784694445,0.7099999929,4.086956344045376,1.5,1,0.24468084846084204,1125.2162991972548
66,15,Urban,Silver,88,4.21,Evening,Premium,65,291.9008795114952,291.9008795114952,306.49592348706994,0.22727272382920116,4.399999706666686,0.22388059701492538,4.490782692626346,0.8799999912000002,4.399999706666686,1.5,1,0.22727272382920116,630.5058869011918
40,6,Rural,Gold,37,4.75,Afternoon,Premium,148,707.8553931548287,707.8553931548287,743.2481628125702,0.1499999962500001,6.66666555555574,0.14634146341463414,4.7828066781893375,0.3699999963,6.66666555555574,1.5,0,0.1499999962500001,1769.6383649111926
56,27,Suburban,Silver,62,4.74,Evening,Premium,129,435.7154538108565,435.7154538108565,457.50122650139934,0.4821428485331634,2.0740739972565185,0.47368421052631576,3.377639150645096,0.6199999938,2.0740739972565185,1.5,1,0.4821428485331634,789.129094659073
54,6,Suburban,Gold,48,4.26,Morning,Economy,154,504.0841142440527,504.0841142440527,529.2883199562554,0.11111110905349798,8.999998500000249,0.10909090909090909,3.273273447862203,0.4799999952000001,8.999998500000249,1.0,0,0.11111110905349798,957.7597414510956
46,15,Suburban,Silver,96,4.69,Morning,Premium,116,497.3770093020007,497.3770093020007,522.2458597671008,0.3260869494328924,3.066666462222236,0.3191489361702128,4.287732801847137,0.9599999904000002,3.066666462222236,1.5,0,0.3260869494328924,974.8589229790275
65,16,Suburban,Silver,82,3.62,Evening,Premium,146,460.8002858653508,460.8002858653508,483.8403001586184,0.24615384236686397,4.062499746093765,0.24242424242424243,3.156166319925921,0.8199999918,4.062499746093765,1.5,1,0.24615384236686397,972.0005854472147
96,48,Urban,Gold,11,4.19,Night,Economy,79,272.4960775620536,272.4960775620536,286.12088144015627,0.49999999479166674,1.9999999583333343,0.4948453608247423,3.449317393832104,0.10999999890000002,1.9999999583333343,1.0,1,0.49999999479166674,326.995291939064
47,9,Suburban,Gold,88,4.06,Night,Economy,93,246.9535423209308,246.9535423209308,259.30121943697736,0.19148935762788602,5.2222216419753735,0.1875,2.6554144050055526,0.8799999912000002,5.2222216419753735,1.0,1,0.19148935762788602,375.91815564801544
20,7,Urban,Silver,55,4.43,Night,Economy,153,482.7422075016093,482.7422075016093,506.8793178766898,0.34999998250000086,2.85714244897965,0.3333333333333333,3.1551778061858267,0.5499999945,2.85714244897965,1.0,1,0.34999998250000086,620.6685327983083
94,57,Suburban,Regular,13,4.04,Afternoon,Economy,60,205.495759583372,205.495759583372,215.77054756254063,0.6063829722725216,1.6491227780855653,0.6,3.424929269307379,0.1299999987,1.6491227780855653,1.0,0,0.6063829722725216,239.3845333762654
52,30,Suburban,Silver,25,3.67,Night,Economy,142,531.6062153403296,531.6062153403296,558.1865261073461,0.5769230658284026,1.7333332755555575,0.5660377358490566,3.743705715469183,0.24999999750000004,1.7333332755555575,1.0,1,0.5769230658284026,623.7512895944843
71,6,Suburban,Gold,48,4.05,Afternoon,Economy,157,550.9983736824666,550.9983736824666,578.54829236659,0.08450704106328112,11.833331361111439,0.08333333333333333,3.5095437590632033,0.4799999952000001,11.833331361111439,1.0,0,0.08450704106328112,1203.0130072042798
46,8,Rural,Gold,39,3.97,Evening,Premium,123,396.9586997774456,396.9586997774456,416.80663476631787,0.17391303969754263,5.749999281250091,0.1702127659574468,3.2273064760173913,0.3899999961,5.749999281250091,1.5,1,0.17391303969754263,937.8148854271108
53,40,Urban,Regular,13,3.79,Night,Economy,118,318.2115758092651,318.2115758092651,334.1221545997284,0.7547169668921327,1.324999966875001,0.7407407407407407,2.6967082467165837,0.1299999987,1.324999966875001,1.0,1,0.7547169668921327,360.3746085499169
26,11,Urban,Regular,97,3.64,Morning,Economy,141,427.0550612068028,427.0550612068028,448.40781426714295,0.4230769068047343,2.3636361487603503,0.4074074074074074,3.0287592778584647,0.9699999903000002,2.3636361487603503,1.0,0,0.4230769068047343,527.9953392247492
100,46,Suburban,Gold,74,3.74,Afternoon,Economy,171,448.31285347772814,448.31285347772814,470.7284961516146,0.4599999954000001,2.1739129962192827,0.45544554455445546,2.6217125781053543,0.7399999926,2.1739129962192827,1.0,0,0.4599999954000001,545.7721673324666
74,38,Urban,Regular,95,5.0,Evening,Economy,167,455.4083398759809,455.4083398759809,478.17875686978,0.5135135065741419,1.9473683698060957,0.5066666666666667,2.726996030832245,0.9499999905000002,1.9473683698060957,1.0,1,0.5135135065741419,544.0931195180198
53,5,Rural,Gold,100,4.46,Night,Premium,33,179.17081970350634,179.17081970350634,188.12936068868166,0.0943396208615166,10.599997880000423,0.09259259259259259,5.429418614366295,0.9999999900000002,10.599997880000423,1.5,1,0.0943396208615166,553.6377759075253
75,63,Urban,Gold,24,4.18,Afternoon,Economy,29,104.18588264010208,104.18588264010208,109.39517677210719,0.8399999888000002,1.1904761715797434,0.8289473684210527,3.5926165188788124,0.23999999760000004,1.1904761715797434,1.0,0,0.8399999888000002,116.58896370990661
44,9,Suburban,Regular,54,4.2,Morning,Premium,13,91.67748868757226,91.67748868757226,96.26136312195088,0.20454544989669432,4.8888883456790735,0.2,7.052113971958331,0.5399999946,4.8888883456790735,1.5,0,0.20454544989669432,204.746383932228
76,60,Suburban,Regular,81,3.6,Evening,Premium,72,264.08573637935564,264.08573637935564,277.2900231983234,0.7894736738227148,1.266666645555556,0.7792207792207793,3.667857398770809,0.8099999919,1.266666645555556,1.5,1,0.7894736738227148,446.3048936448396
88,18,Suburban,Silver,80,4.83,Evening,Economy,109,424.65693227127065,424.65693227127065,445.8897788848342,0.20454545222107443,4.888888617283966,0.20224719101123595,3.8959351227095005,0.799999992,4.888888617283966,1.0,1,0.20454545222107443,632.266976514445
54,35,Rural,Gold,95,4.98,Evening,Premium,61,218.9504185416184,218.9504185416184,229.89793946869932,0.6481481361454049,1.5428570987755115,0.6363636363636364,3.589351064791268,0.9499999905000002,1.5428570987755115,1.5,1,0.6481481361454049,379.0970089414484
49,30,Urban,Regular,7,3.97,Afternoon,Premium,77,248.1703336422785,248.1703336422785,260.5788503243924,0.6122448854643902,1.6333332788888906,0.6,3.222991304146587,0.0699999993,1.6333332788888906,1.5,0,0.6122448854643902,433.0572301790517
25,8,Urban,Silver,11,4.0,Afternoon,Economy,109,422.4367392307234,422.4367392307234,443.5585761922596,0.3199999872000005,3.124999609375049,0.3076923076923077,3.87556637940511,0.10999999890000002,3.124999609375049,1.0,0,0.3199999872000005,554.4482037388914
36,18,Suburban,Gold,15,4.21,Afternoon,Economy,86,280.5240756909656,280.5240756909656,294.5502794755139,0.4999999861111115,1.999999888888895,0.4864864864864865,3.261907818942533,0.1499999985,1.999999888888895,1.0,0,0.4999999861111115,336.62888771222475
42,25,Suburban,Silver,44,4.99,Morning,Premium,122,565.9834811108678,565.9834811108678,594.2826551664112,0.59523808106576,1.6799999328000026,0.5813953488372093,4.639208823538189,0.4399999956000001,1.6799999328000026,1.5,0,0.59523808106576,991.6030532011272
29,14,Rural,Gold,2,4.69,Night,Premium,180,828.2131345744126,828.2131345744126,869.6237913031333,0.48275860404280674,2.0714284234693983,0.4666666666666667,4.601184055406826,0.0199999998,2.0714284234693983,1.5,1,0.48275860404280674,1499.6573360088375
52,16,Urban,Silver,63,4.13,Morning,Economy,49,132.84680584297232,132.84680584297232,139.48914613512093,0.30769230177514806,3.2499997968750125,0.3018867924528302,2.711159247588022,0.6299999937,3.2499997968750125,1.0,0,0.30769230177514806,176.02201504348776
37,6,Rural,Gold,59,4.73,Evening,Economy,20,86.17345483820148,86.17345483820148,90.48212758011155,0.16216215777940116,6.16666563888906,0.15789473684210525,4.308672526476448,0.5899999941,6.16666563888906,1.0,1,0.16216215777940116,139.31374313171102
91,17,Rural,Gold,21,4.84,Afternoon,Premium,149,545.3868063047398,545.3868063047398,572.6561466199769,0.18681318476029468,5.352940861591714,0.18478260869565216,3.6603141117075553,0.2099999979,5.352940861591714,1.5,0,0.18681318476029468,1255.9937075833566
29,8,Rural,Silver,79,4.26,Morning,Premium,133,531.0619846358322,531.0619846358322,557.6150838676239,0.27586205945303244,3.624999546875057,0.26666666666666666,3.9929472228788345,0.7899999921,3.624999546875057,1.5,0,0.27586205945303244,1085.3578950038673
62,45,Rural,Regular,87,4.74,Afternoon,Premium,20,108.6023564641184,108.6023564641184,114.03247428732432,0.7258064399063477,1.3777777471604946,0.7142857142857143,5.430117551700042,0.8699999913000002,1.3777777471604946,1.5,0,0.7258064399063477,185.34802119999569
69,7,Urban,Regular,51,4.56,Afternoon,Premium,103,462.66304412150464,462.66304412150464,485.7961963275799,0.10144927389203952,9.857141448979792,0.1,4.491874171161461,0.5099999949,9.857141448979792,1.5,0,0.10144927389203952,1378.0748265504444
32,14,Suburban,Silver,80,3.56,Afternoon,Premium,80,254.9510771161675,254.9510771161675,267.6986309719759,0.4374999863281255,2.2857141224489914,0.42424242424242425,3.1868884241159887,0.799999992,2.2857141224489914,1.5,0,0.4374999863281255,469.83840729895223
78,31,Urban,Gold,6,3.78,Evening,Premium,64,271.0126649576171,271.0126649576171,284.563298205498,0.3974358923405655,2.5161289510926146,0.3924050632911392,4.234572823797567,0.05999999940000001,2.5161289510926146,1.5,1,0.3974358923405655,508.8044192983192
53,10,Rural,Silver,10,3.58,Evening,Economy,168,424.48842846396354,424.48842846396354,445.7128498871617,0.1886792417230332,5.299999470000054,0.18518518518518517,2.52671682105504,0.099999999,5.299999470000054,1.0,1,0.1886792417230332,649.4672730519798
60,50,Suburban,Silver,54,4.57,Afternoon,Premium,38,151.77728650517233,151.77728650517233,159.36615083043094,0.8333333194444447,1.1999999760000006,0.819672131147541,3.9941390134482453,0.5399999946,1.1999999760000006,1.5,0,0.8333333194444447,254.9858407822913
97,58,Urban,Gold,1,4.11,Morning,Premium,83,383.0749064097095,383.0749064097095,402.228651730195,0.5979381381655863,1.6724137642687282,0.5918367346938775,4.615360262582521,0.0099999999,1.6724137642687282,1.5,0,0.5979381381655863,670.7113215483972
87,77,Urban,Gold,12,3.56,Night,Premium,11,97.78450586126137,97.78450586126137,102.67373115432444,0.8850574610912936,1.129870115196492,0.875,8.889499724705605,0.11999999880000002,1.129870115196492,1.5,1,0.8850574610912936,163.24932742717635
74,20,Rural,Silver,68,4.36,Night,Economy,32,119.59407325541466,119.59407325541466,125.57377691818539,0.2702702666179694,3.699999815000009,0.26666666666666666,3.737314672440625,0.6799999932,3.699999815000009,1.0,1,0.2702702666179694,163.84387814742783
90,58,Urban,Gold,1,4.7,Afternoon,Premium,21,126.57277068445282,126.57277068445282,132.90140921867547,0.6444444372839507,1.5517241111771705,0.6373626373626373,6.027274507484681,0.0099999999,1.5517241111771705,1.5,0,0.6444444372839507,219.3200590401139
21,8,Rural,Regular,69,4.24,Afternoon,Premium,176,829.5343798843528,829.5343798843528,871.0110988785705,0.38095236281179223,2.6249996718750412,0.36363636363636365,4.71326349529028,0.6899999931,2.6249996718750412,1.5,0,0.38095236281179223,1570.930691077353
70,35,Urban,Silver,35,4.9,Night,Premium,108,418.815349545453,418.815349545453,439.7561170227257,0.49999999285714297,1.9999999428571447,0.49295774647887325,3.8779198672919732,0.3499999965,1.9999999428571447,1.5,1,0.49999999285714297,753.8676255919696
37,7,Suburban,Regular,1,3.92,Evening,Economy,62,233.21310275336955,233.21310275336955,244.87375789103805,0.18918918407596802,5.285713530612353,0.18421052631578946,3.761501596643032,0.0099999999,5.285713530612353,1.0,1,0.18918918407596802,356.482868027327
30,11,Rural,Gold,93,3.56,Night,Premium,155,701.141472496938,701.141472496938,736.198546121785,0.36666665444444485,2.7272724793388656,0.3548387096774194,4.523493341764159,0.9299999907000002,2.7272724793388656,1.5,1,0.36666665444444485,1338.5427850550109
64,22,Urban,Regular,26,4.24,Evening,Premium,115,388.72966746525947,388.72966746525947,408.16615083852247,0.3437499946289064,2.90909077685951,0.3384615384615385,3.3802579485652307,0.2599999974,2.90909077685951,1.5,1,0.3437499946289064,752.7219847451169
40,23,Urban,Silver,6,3.96,Night,Economy,178,528.60807288888,528.60807288888,555.038476533324,0.5749999856250004,1.7391303591682452,0.5609756097560976,2.969708257972875,0.05999999940000001,1.7391303591682452,1.0,1,0.5749999856250004,620.5399076551272
28,18,Urban,Gold,100,3.62,Afternoon,Premium,92,382.03843862699455,382.03843862699455,401.1403605583443,0.64285711989796,1.5555554691358071,0.6206896551724138,4.152591679069596,0.9999999900000002,1.5555554691358071,1.5,0,0.64285711989796,662.1999553344407
85,19,Rural,Gold,17,3.69,Morning,Economy,164,587.331264277609,587.331264277609,616.6978274914894,0.22352940913494815,4.473683975069264,0.22093023255813954,3.581288174977566,0.1699999983,4.473683975069264,1.0,0,0.22352940913494815,850.0847107832
92,77,Urban,Gold,100,4.26,Night,Economy,47,167.7398193291184,167.7398193291184,176.12681029557433,0.8369565126417771,1.1948051792882444,0.8279569892473119,3.5689322502167267,0.9999999900000002,1.1948051792882444,1.0,1,0.8369565126417771,187.78145981984892
93,56,Suburban,Regular,56,4.65,Evening,Premium,86,304.8360144837103,304.8360144837103,320.0778152078958,0.6021505311596718,1.660714256058674,0.5957446808510638,3.544604778361692,0.5599999944,1.660714256058674,1.5,1,0.6021505311596718,533.1908489775465
36,25,Rural,Regular,26,3.57,Afternoon,Economy,122,354.1540979676975,354.1540979676975,371.8618028660824,0.6944444251543216,1.4399999424000023,0.6756756756756757,2.9029024185638943,0.2599999974,1.4399999424000023,1.0,0,0.6944444251543216,405.15228603511844
94,50,Suburban,Regular,88,4.95,Night,Premium,49,250.4603273046531,250.4603273046531,262.98334366988576,0.5319148879583523,1.8799999624000008,0.5263157894736842,5.111435146800367,0.8799999912000002,1.8799999624000008,1.5,1,0.5319148879583523,446.3203018442956
27,8,Rural,Gold,48,4.18,Afternoon,Economy,167,495.2197782062817,495.2197782062817,519.9807671165959,0.2962962853223598,3.374999578125053,0.2857142857142857,2.9653878756939753,0.4799999952000001,3.374999578125053,1.0,0,0.2962962853223598,662.35643245882
86,41,Rural,Regular,96,4.5,Morning,Premium,68,301.5483736351267,301.5483736351267,316.62579231688306,0.4767441805029747,2.0975609244497337,0.47126436781609193,4.434534841185175,0.9599999904000002,2.0975609244497337,1.5,0,0.4767441805029747,547.1999732579517
22,11,Rural,Regular,39,4.63,Evening,Economy,101,433.03454356764814,433.03454356764814,454.6862707460306,0.49999997727272827,1.9999998181818348,0.4782608695652174,4.287470685942351,0.3899999961,1.9999998181818348,1.0,1,0.49999997727272827,519.6414444078232
95,56,Rural,Silver,86,3.79,Morning,Premium,147,671.4712089285143,671.4712089285143,705.0447693749401,0.5894736780055403,1.6964285411352047,0.5833333333333334,4.567831322181517,0.8599999914,1.6964285411352047,1.5,0,0.5894736780055403,1178.0722518993052
99,89,Urban,Silver,63,4.84,Afternoon,Economy,16,49.71329085631081,49.71329085631081,52.198955399126355,0.898989889909193,1.112359538063376,0.89,3.1070804843268953,0.6299999937,1.112359538063376,1.0,0,0.898989889909193,55.24319618156443
22,8,Rural,Regular,4,4.84,Morning,Economy,122,408.129769999122,408.129769999122,428.53625849907814,0.36363634710743875,2.749999656250043,0.34782608695652173,3.345325956178656,0.0399999996,2.749999656250043,1.0,0,0.36363634710743875,520.3654427194215
100,85,Suburban,Silver,59,4.46,Evening,Economy,110,329.4837131421355,329.4837131421355,345.9578987992423,0.8499999915,1.176470574394464,0.8415841584158416,2.9953064558802645,0.5899999941,1.176470574394464,1.0,1,0.8499999915,368.2465024675304
61,38,Rural,Silver,100,4.34,Evening,Premium,78,383.3178042225475,383.3178042225475,402.48369443367494,0.6229508094598228,1.6052631156509707,0.6129032258064516,4.914330760361754,0.9999999900000002,1.6052631156509707,1.5,1,0.6229508094598228,667.2755962374375
33,18,Suburban,Gold,7,4.01,Night,Economy,105,313.06815696851334,313.06815696851334,328.721564816939,0.5454545289256204,1.833333231481487,0.5294117647058824,2.981601466542018,0.0699999993,1.833333231481487,1.0,1,0.5454545289256204,370.4639825574171
39,22,Rural,Gold,63,3.87,Evening,Premium,170,706.6896358975697,706.6896358975697,742.0241176924483,0.5641025496383962,1.772727192148764,0.55,4.15699783376807,0.6299999937,1.772727192148764,1.5,1,0.5641025496383962,1247.9496439411541
37,5,Urban,Silver,75,3.88,Evening,Premium,26,142.6153122038585,142.6153122038585,149.74607781405143,0.1351351314828343,7.399998520000296,0.13157894736842105,5.485204104563631,0.7499999925,7.399998520000296,1.5,1,0.1351351314828343,372.2259331914778
95,53,Suburban,Silver,6,4.01,Afternoon,Premium,158,708.8224028092762,708.8224028092762,744.26352294974,0.5578947309695291,1.7924527963688153,0.5520833333333334,4.486217710905434,0.05999999940000001,1.7924527963688153,1.5,0,0.5578947309695291,1253.813208920567
28,6,Suburban,Gold,54,4.03,Afternoon,Premium,168,593.065918046481,593.065918046481,622.7192139488051,0.21428570663265334,4.6666658888890185,0.20689655172413793,3.5301542530733734,0.5399999946,4.6666658888890185,1.5,0,0.21428570663265334,1304.7449505112459
66,17,Urban,Gold,84,4.47,Night,Economy,139,604.3834014812801,604.3834014812801,634.6025715553441,0.25757575367309465,3.8823527128027813,0.2537313432835821,4.348081993764015,0.8399999916,3.8823527128027813,1.0,1,0.25757575367309465,839.0263553126621
60,11,Suburban,Gold,18,4.29,Evening,Economy,26,100.2582627032478,100.2582627032478,105.27117583841019,0.18333333027777785,5.454544958677731,0.18032786885245902,3.856086878736958,0.1799999982,5.454544958677731,1.0,1,0.18333333027777785,154.94458284262657
94,34,Suburban,Gold,99,4.54,Afternoon,Premium,155,685.7612504810801,685.7612504810801,720.0493130051341,0.36170212381167954,2.764705801038065,0.35789473684210527,4.424266103592348,0.9899999901000002,2.764705801038065,1.5,0,0.36170212381167954,1313.031091821444
63,12,Urban,Silver,54,4.47,Evening,Premium,140,446.41301231617626,446.41301231617626,468.7336629319851,0.19047618745275893,5.249999562500037,0.1875,3.1886643509107993,0.5399999946,5.249999562500037,1.5,1,0.19047618745275893,1021.1697363774018
38,8,Suburban,Silver,59,4.44,Night,Premium,75,291.107936848218,291.107936848218,305.6633336906289,0.21052631024930765,4.749999406250074,0.20512820512820512,3.8814391062237186,0.5899999941,4.749999406250074,1.5,1,0.21052631024930765,644.0762843498849
35,21,Suburban,Silver,13,4.14,Morning,Premium,36,193.64239387562827,193.64239387562827,203.3245135694097,0.5999999828571434,1.666666587301591,0.5833333333333334,5.378955236018696,0.1299999987,1.666666587301591,1.5,0,0.5999999828571434,338.874186977083
83,64,Suburban,Gold,78,4.01,Evening,Economy,109,304.52612995371493,304.52612995371493,319.7524364514007,0.771084328059225,1.2968749797363286,0.7619047619047619,2.79381768036603,0.7799999922,1.2968749797363286,1.0,1,0.771084328059225,344.0193618150056
62,14,Rural,Silver,33,4.23,Morning,Premium,85,386.834933294766,386.834933294766,406.1766799595043,0.22580644797086374,4.428571112244921,0.2222222222222222,4.550999161691375,0.3299999967,4.428571112244921,1.5,0,0.22580644797086374,837.2213015616078
88,48,Urban,Gold,52,4.52,Night,Economy,92,230.83258579661484,230.83258579661484,242.3742150864456,0.5454545392561985,1.8333332951388899,0.5393258426966292,2.5090498183430983,0.5199999948,1.8333332951388899,1.0,1,0.5454545392561985,273.1518923110087
68,11,Rural,Silver,89,3.66,Evening,Economy,93,333.9106726820272,333.9106726820272,350.6062063161286,0.16176470350346026,6.181817619834762,0.15942028985507245,3.590437302060107,0.8899999911000002,6.181817619834762,1.0,1,0.16176470350346026,540.3281606656906
84,64,Urban,Regular,34,4.13,Evening,Premium,99,353.8098038704909,353.8098038704909,371.50029406401546,0.7619047528344672,1.3124999794921879,0.7529411764705882,3.5738363666328743,0.3399999966,1.3124999794921879,1.5,1,0.7619047528344672,600.3710098543595
40,10,Urban,Regular,60,3.87,Night,Premium,79,293.19813425701705,293.19813425701705,307.8580409698679,0.24999999375000018,3.99999960000004,0.24390243902439024,3.711368741084156,0.599999994,3.99999960000004,1.5,1,0.24999999375000018,615.7160643478496
93,20,Urban,Regular,38,4.78,Afternoon,Premium,144,447.083068843808,447.083068843808,469.4372222859984,0.21505376112845417,4.649999767500011,0.2127659574468085,3.104743512076837,0.3799999962,4.649999767500011,1.5,0,0.21505376112845417,982.4650281922468
57,44,Urban,Gold,78,3.53,Evening,Economy,153,584.888884974888,584.888884974888,614.1333292236325,0.7719298110187752,1.2954545160123974,0.7586206896551724,3.8228031447848685,0.7799999922,1.2954545160123974,1.0,1,0.7719298110187752,660.6585797155054
67,16,Suburban,Gold,24,4.52,Evening,Premium,150,488.1872511532145,488.1872511532145,512.5966137108752,0.2388059665849856,4.187499738281266,0.23529411764705882,3.2545816526575524,0.23999999760000004,4.187499738281266,1.5,1,0.2388059665849856,1038.9234746952723
68,16,Urban,Silver,91,4.49,Night,Economy,77,246.7577555097292,246.7577555097292,259.09564328521566,0.23529411418685128,4.249999734375017,0.2318840579710145,3.204646133832248,0.9099999909000002,4.249999734375017,1.0,1,0.23529411418685128,351.62979504686166
38,22,Urban,Gold,60,3.6,Morning,Premium,104,312.1731588463509,312.1731588463509,327.78181678866844,0.578947353185596,1.727272648760334,0.5641025641025641,3.001664960045057,0.599999994,1.727272648760334,1.5,0,0.578947353185596,549.1409621123888
49,28,Urban,Silver,61,3.9,Evening,Premium,172,576.281119337865,576.281119337865,605.0951753047583,0.5714285597667641,1.7499999375000022,0.56,3.3504716045778684,0.6099999939,1.7499999375000022,1.5,1,0.5714285597667641,1015.6954674303518
98,59,Urban,Regular,55,4.6,Morning,Economy,100,381.391205400882,381.391205400882,400.4607656709261,0.6020408101832571,1.6610169209997132,0.5959595959595959,3.8139120158696995,0.5499999945,1.6610169209997132,1.0,0,0.6020408101832571,444.7409299700162
47,9,Suburban,Gold,38,4.06,Morning,Economy,141,543.7702542024564,543.7702542024564,570.9587669125792,0.19148935762788602,5.2222216419753735,0.1875,3.8565265981980836,0.3799999962,5.2222216419753735,1.0,0,0.19148935762788602,827.7391331783083
27,11,Urban,Regular,97,4.78,Evening,Premium,137,472.5224037960476,472.5224037960476,496.14852398585003,0.4074073923182447,2.454545231404979,0.39285714285714285,3.4490686156713797,0.9699999903000002,2.454545231404979,1.5,1,0.4074073923182447,882.7577476395124
59,29,Urban,Regular,68,4.4,Night,Premium,88,286.05897011629656,286.05897011629656,300.36191862211143,0.4915254153978743,2.034482688466114,0.48333333333333334,3.2506700780184827,0.6799999932,2.034482688466114,1.5,1,0.4915254153978743,516.3857585617525
56,20,Urban,Regular,74,4.05,Evening,Economy,25,88.95619552388446,88.95619552388446,93.4040053000787,0.3571428507653063,2.799999860000007,0.3508771929824561,3.558247678625471,0.7399999926,2.799999860000007,1.0,1,0.3571428507653063,113.86392902518543
50,39,Urban,Gold,62,3.95,Morning,Premium,135,646.9811778631195,646.9811778631195,679.3302367562754,0.7799999844000004,1.2820512491781733,0.7647058823529411,4.792453133856788,0.6199999938,1.2820512491781733,1.5,0,0.7799999844000004,1094.891220885806
93,37,Urban,Gold,37,4.75,Night,Economy,76,292.9246564000302,292.9246564000302,307.5708892200317,0.3978494580876403,2.5135134455807178,0.39361702127659576,3.8542717440231375,0.3699999963,2.5135134455807178,1.0,1,0.3978494580876403,366.55166264038894
46,22,Rural,Regular,97,3.51,Morning,Economy,100,395.769846813748,395.769846813748,415.55833915443543,0.47826085916824224,2.090908995867773,0.46808510638297873,3.957698428560496,0.9699999903000002,2.090908995867773,1.0,0,0.47826085916824224,478.5217201133556
56,19,Suburban,Silver,16,4.46,Evening,Premium,86,279.6798100890559,279.6798100890559,293.6638005935087,0.33928570822704096,2.947368265927986,0.3333333333333333,3.252090777174013,0.1599999984,2.947368265927986,1.5,1,0.33928570822704096,543.1676246651712
37,16,Suburban,Gold,8,4.5,Evening,Economy,46,192.50297743378897,192.50297743378897,202.12812630547842,0.4324324207450697,2.312499855468759,0.42105263157894735,4.184847244542212,0.0799999992,2.312499855468759,1.0,1,0.4324324207450697,237.01928818308326
85,58,Urban,Regular,85,4.1,Night,Premium,92,351.77029329216225,351.77029329216225,369.35880795677036,0.6823529331487891,1.4655172161117722,0.6744186046511628,3.8235901029192627,0.8499999915,1.4655172161117722,1.5,1,0.6823529331487891,604.984253078696
27,7,Urban,Regular,89,3.6,Morning,Premium,120,555.4019371049674,555.4019371049674,583.1720339602158,0.2592592496570648,3.857142306122528,0.25,4.6283494373051495,0.8899999911000002,3.857142306122528,1.5,0,0.2592592496570648,1154.442551933947
44,16,Rural,Silver,31,3.96,Night,Premium,122,395.3781570382596,395.3781570382596,415.1470648901726,0.36363635537190103,2.7499998281250106,0.35555555555555557,3.240804539323402,0.3099999969,2.7499998281250106,1.5,1,0.36363635537190103,756.160715142329
75,51,Suburban,Regular,68,3.65,Afternoon,Premium,66,261.5103067801241,261.5103067801241,274.58582211913034,0.6799999909333335,1.4705882064590547,0.6710526315789473,3.9622773154219213,0.6799999932,1.4705882064590547,1.5,0,0.6799999909333335,449.95155612293706
21,11,Urban,Gold,46,3.84,Morning,Economy,103,397.5648404411393,397.5648404411393,417.44308246319633,0.5238094988662143,1.909090735537206,0.5,3.8598527823425877,0.4599999954000001,1.909090735537206,1.0,0,0.5238094988662143,473.46357580729
42,29,Suburban,Silver,67,4.59,Morning,Premium,153,735.2764383329761,735.2764383329761,772.0402602496249,0.6904761740362816,1.4482758121284203,0.6744186046511628,4.805728323707502,0.6699999933,1.4482758121284203,1.5,0,0.6904761740362816,1262.6471196293019
25,15,Suburban,Silver,100,4.9,Night,Premium,94,289.4570095389695,289.4570095389695,303.929860015918,0.599999976000001,1.666666555555563,0.5769230769230769,3.0793298559536133,0.9999999900000002,1.666666555555563,1.5,1,0.599999976000001,506.5497618689134
67,46,Suburban,Regular,92,4.72,Morning,Economy,32,97.6750013649232,97.6750013649232,102.55875143316936,0.6865671539318335,1.4565217074669194,0.6764705882352942,3.05234369726811,0.9199999908000002,1.4565217074669194,1.0,0,0.6865671539318335,111.90157734141037
29,6,Suburban,Silver,24,4.37,Afternoon,Economy,50,197.46392160702555,197.46392160702555,207.33711768737683,0.20689654458977433,4.833332527777912,0.2,3.949278353154944,0.23999999760000004,4.833332527777912,1.0,0,0.20689654458977433,292.904801143608
100,70,Urban,Gold,42,4.9,Night,Premium,167,762.8822843495781,762.8822843495781,801.026398567057,0.699999993,1.4285714081632657,0.693069306930693,4.568157363960603,0.4199999958,1.4285714081632657,1.5,1,0.699999993,1307.79819940678
37,10,Suburban,Gold,27,4.26,Afternoon,Economy,143,512.44939271165,512.44939271165,538.0718623472326,0.2702702629656686,3.699999630000037,0.2631578947368421,3.5835621617348803,0.2699999973,3.699999630000037,1.0,0,0.2702702629656686,702.0556490543349
31,14,Urban,Gold,37,4.3,Night,Premium,103,484.4661863877365,484.4661863877365,508.68949570712334,0.45161288865764876,2.2142855561224604,0.4375,4.703555161982344,0.3699999963,2.2142855561224604,1.5,1,0.45161288865764876,887.6112514238193
49,12,Suburban,Silver,30,4.37,Afternoon,Premium,84,353.01840875622844,353.01840875622844,370.6693291940399,0.24489795418575605,4.083332993055584,0.24,4.202600054209862,0.299999997,4.083332993055584,1.5,0,0.24489795418575605,745.7513704788861
42,19,Rural,Regular,56,4.84,Evening,Premium,144,539.7316715337728,539.7316715337728,566.7182551104614,0.4523809416099776,2.2105261994459893,0.4418604651162791,3.748136581844696,0.5599999944,2.2105261994459893,1.5,1,0.4523809416099776,988.5611573900865
61,5,Rural,Regular,48,4.15,Morning,Economy,29,114.16365482248573,114.16365482248573,119.87183756361001,0.08196721177102932,12.199997560000488,0.08064516129032258,3.9366776167520037,0.4799999952000001,12.199997560000488,1.0,0,0.08196721177102932,253.44328584999212
24,7,Suburban,Gold,85,4.36,Night,Economy,169,521.4080460440558,521.4080460440558,547.4784483462587,0.2916666545138894,3.42857093877558,0.28,3.085254692063912,0.8499999915,3.42857093877558,1.0,1,0.2916666545138894,700.1764934350969
20,10,Rural,Regular,18,4.28,Evening,Premium,123,450.3878805106937,450.3878805106937,472.90727453622844,0.4999999750000012,1.99999980000002,0.47619047619047616,3.6616900556829566,0.1799999982,1.99999980000002,1.5,1,0.4999999750000012,810.6981714076137
22,9,Urban,Silver,36,4.51,Evening,Premium,10,82.69156896202661,82.69156896202661,86.82614741012794,0.4090908904958686,2.4444441728395367,0.391304347826087,8.269156069287055,0.3599999964,2.4444441728395367,1.5,1,0.4090908904958686,154.35759202686762
98,87,Suburban,Regular,59,4.26,Afternoon,Economy,13,34.57409278115731,34.57409278115731,36.30279742021518,0.8877550929820909,1.1264367686616463,0.8787878787878788,2.6595453939701477,0.5899999941,1.1264367686616463,1.0,0,0.8877550929820909,38.46864571633879
30,14,Urban,Silver,64,4.45,Afternoon,Economy,147,535.1718879088473,535.1718879088473,561.9304823042897,0.4666666511111116,2.1428569897959293,0.45161290322580644,3.6406250630491312,0.6399999936,2.1428569897959293,1.0,0,0.4666666511111116,649.851569983623
32,13,Urban,Regular,75,4.56,Evening,Premium,111,333.4011668412356,333.4011668412356,350.0712251832974,0.4062499873046879,2.461538272189364,0.3939393939393939,3.003614088627221,0.7499999925,2.461538272189364,1.5,1,0.4062499873046879,623.2037100876973
22,12,Urban,Silver,49,4.88,Night,Premium,35,179.8388198801664,179.8388198801664,188.83076087417473,0.5454545206611581,1.8333331805555684,0.5217391304347826,5.138251849768987,0.4899999951000001,1.8333331805555684,1.5,1,0.5454545206611581,319.2139011659894
62,8,Urban,Silver,13,4.2,Night,Premium,65,241.9912178461052,241.9912178461052,254.09077873841048,0.12903225598335072,7.7499990312501215,0.12698412698412698,3.722941755740976,0.1299999987,7.7499990312501215,1.5,1,0.12903225598335072,644.3015823509107
51,27,Urban,Gold,8,4.31,Night,Economy,92,369.3803924019288,369.3803924019288,387.84941202202526,0.5294117543252598,1.8888888189300437,0.5192307692307693,4.015004221597007,0.0799999992,1.8888888189300437,1.0,1,0.5294117543252598,439.15224171592837
85,74,Suburban,Regular,82,3.92,Evening,Premium,177,704.3001292247022,704.3001292247022,739.5151356859374,0.8705882250519033,1.14864863312637,0.8604651162790697,3.979096752800031,0.8199999918,1.14864863312637,1.5,1,0.8705882250519033,1177.7992009487552
28,9,Urban,Silver,26,3.95,Night,Premium,114,466.9720738288303,466.9720738288303,490.32067752027183,0.32142855994898,3.1111107654321373,0.3103448275862069,4.096246225724421,0.2599999974,3.1111107654321373,1.5,1,0.32142855994898,918.3783876500022
93,70,Suburban,Silver,21,3.81,Evening,Economy,12,41.12164471941277,41.12164471941277,43.17772695538341,0.7526881639495897,1.328571409591837,0.7446808510638298,3.4268034410507777,0.2099999979,1.328571409591837,1.0,1,0.7526881639495897,46.58494886837327
36,9,Suburban,Silver,53,4.46,Night,Premium,127,404.02979977887577,404.02979977887577,424.2312897678196,0.24999999305555576,3.9999995555556054,0.24324324324324326,3.181336981082983,0.5299999947,3.9999995555556054,1.5,1,0.24999999305555576,848.4625526003223
80,22,Rural,Gold,17,4.4,Morning,Economy,141,423.75441798529033,423.75441798529033,444.9421388845549,0.27499999656250007,3.6363634710743873,0.2716049382716049,3.0053504608506376,0.1699999983,3.6363634710743873,1.0,0,0.27499999656250007,577.8469266121001
60,24,Rural,Regular,18,4.16,Morning,Premium,45,165.72466245477892,165.72466245477892,174.01089557751789,0.39999999333333347,2.4999998958333376,0.39344262295081966,3.6827701949335276,0.1799999982,2.4999998958333376,1.5,0,0.39999999333333347,310.7337395132628
97,45,Urban,Silver,90,3.71,Morning,Premium,151,578.8213877560842,578.8213877560842,607.7624571438884,0.463917520990541,2.1555555076543222,0.45918367346938777,3.833254198164437,0.8999999910000002,2.1555555076543222,1.5,0,0.463917520990541,1055.384326182988
53,14,Suburban,Silver,24,3.99,Afternoon,Premium,161,707.4493979183783,707.4493979183783,742.8218678142972,0.26415093841224646,3.785714015306142,0.25925925925925924,4.394095611952066,0.23999999760000004,3.785714015306142,1.5,0,0.26415093841224646,1462.904262000492
79,22,Rural,Silver,53,3.96,Evening,Premium,126,542.8095730212775,542.8095730212775,569.9500516723414,0.27848100913315177,3.5909089276859576,0.275,4.308012450105278,0.5299999947,3.5909089276859576,1.5,1,0.27848100913315177,1106.5913208012425
44,24,Urban,Silver,55,4.08,Afternoon,Premium,137,513.9900766589533,513.9900766589533,539.689580491901,0.5454545330578515,1.8333332569444476,0.5333333333333333,3.7517523569868683,0.5499999945,1.8333332569444476,1.5,0,0.5454545330578515,912.3323801801728
34,12,Suburban,Regular,3,4.83,Night,Premium,62,298.3556200090825,298.3556200090825,313.2734010095366,0.35294116608996573,2.833333097222242,0.34285714285714286,4.812187341885406,0.029999999700000005,2.833333097222242,1.5,1,0.35294116608996573,574.3345579507231
55,12,Urban,Silver,96,4.66,Morning,Premium,48,183.2701656673754,183.2701656673754,192.43367395074418,0.21818181421487612,4.583332951388921,0.21428571428571427,3.8181283718593133,0.9599999904000002,4.583332951388921,1.5,0,0.21818181421487612,400.90347689753133
49,29,Suburban,Regular,35,4.8,Evening,Premium,160,468.3069201504469,468.3069201504469,491.7222661579693,0.5918367226155771,1.6896551141498235,0.58,2.926918232647054,0.3499999965,1.6896551141498235,1.5,1,0.5918367226155771,821.1519576192636
72,54,Rural,Regular,68,3.85,Afternoon,Economy,74,220.4983368386397,220.4983368386397,231.52325368057168,0.7499999895833335,1.3333333086419759,0.7397260273972602,2.9797072143098986,0.6799999932,1.3333333086419759,1.0,0,0.7499999895833335,249.8981145393513
72,27,Urban,Gold,76,3.97,Morning,Premium,70,265.94661511348426,265.94661511348426,279.2439458691585,0.37499999479166674,2.6666665679012382,0.3698630136986301,3.7992373044892425,0.7599999924,2.6666665679012382,1.5,0,0.37499999479166674,505.2985647756704
99,6,Suburban,Gold,49,4.32,Afternoon,Economy,113,311.4894374116108,311.4894374116108,327.0639092821914,0.060606059993878185,16.499997250000458,0.06,2.7565436695138685,0.4899999951000001,16.499997250000458,1.0,0,0.060606059993878185,825.4469234811877
21,10,Rural,Regular,22,4.42,Morning,Economy,151,647.8477765247827,647.8477765247827,680.2401653510219,0.47619045351474026,2.0999997900000213,0.45454545454545453,4.290382597578809,0.21999999780000004,2.0999997900000213,1.0,0,0.47619045351474026,783.8957959901852
50,25,Urban,Silver,89,4.74,Afternoon,Economy,107,383.9141419544756,383.9141419544756,403.1098490521994,0.4999999900000002,1.9999999200000032,0.49019607843137253,3.5879826015560097,0.8899999911000002,1.9999999200000032,1.0,0,0.4999999900000002,460.6969672740577
61,35,Rural,Silver,4,4.77,Morning,Premium,115,557.916185756397,557.916185756397,585.8119950442169,0.5737704823972052,1.742857093061226,0.5645161290322581,4.851445051347408,0.0399999996,1.742857093061226,1.5,0,0.5737704823972052,982.7295058864756
24,5,Rural,Silver,57,4.96,Night,Premium,70,228.7960083986281,228.7960083986281,240.2358088185595,0.20833332465277812,4.799999040000192,0.2,3.268514359001625,0.5699999943,4.799999040000192,1.5,1,0.20833332465277812,507.9271056983357
31,17,Rural,Silver,71,4.46,Evening,Premium,55,237.76862211931405,237.76862211931405,249.65705322527975,0.5483870790842877,1.823529304498276,0.53125,4.323065778113605,0.7099999929,1.823529304498276,1.5,1,0.5483870790842877,421.689640697683
35,20,Suburban,Regular,62,3.55,Afternoon,Economy,117,297.0874038526085,297.0874038526085,311.9417740452389,0.5714285551020413,1.7499999125000043,0.5555555555555556,2.5392085582341872,0.6199999938,1.7499999125000043,1.0,0,0.5714285551020413,349.0776969273003
74,30,Urban,Regular,97,3.9,Evening,Economy,179,794.3231511066332,794.3231511066332,834.0393086619649,0.40540539992695407,2.466666584444447,0.4,4.437559478598177,0.9699999903000002,2.466666584444447,1.0,1,0.40540539992695407,990.2561885151682
94,61,Urban,Regular,12,4.95,Evening,Premium,133,563.8497971641384,563.8497971641384,592.0422870223454,0.6489361633091898,1.5409835812953512,0.6421052631578947,4.23947212725313,0.11999999880000002,1.5409835812953512,1.5,1,0.6489361633091898,976.1071877082054
44,11,Rural,Silver,31,3.92,Afternoon,Premium,110,339.2870734791633,339.2870734791633,356.2514271531215,0.24999999431818196,3.9999996363636696,0.24444444444444444,3.0844279126794127,0.3099999969,3.9999996363636696,1.5,0,0.24999999431818196,712.502835799677
84,37,Urban,Gold,3,3.83,Evening,Premium,69,248.9476553705649,248.9476553705649,261.3950381390931,0.4404761852324264,2.270270208911616,0.43529411764705883,3.6079369820670713,0.029999999700000005,2.270270208911616,1.5,1,0.4404761852324264,458.19824989077574
27,12,Suburban,Regular,39,4.51,Morning,Premium,55,279.2686999169939,279.2686999169939,293.2321349128436,0.44444442798353967,2.2499998125000156,0.42857142857142855,5.077612633443296,0.3899999961,2.2499998125000156,1.5,0,0.44444442798353967,513.1562282430448
59,36,Suburban,Regular,43,3.74,Evening,Premium,25,145.04223833476908,145.04223833476908,152.29435025150755,0.6101694811835682,1.6388888433641988,0.6,5.801689301323191,0.4299999957,1.6388888433641988,1.5,1,0.6101694811835682,253.21957343566726
82,20,Urban,Regular,59,3.99,Night,Premium,45,241.8259564507362,241.8259564507362,253.91725427327302,0.2439024360499703,4.09999979500001,0.24096385542168675,5.37391002392947,0.5899999941,4.09999979500001,1.5,1,0.2439024360499703,511.46189045715926
24,10,Urban,Gold,24,4.09,Morning,Premium,97,430.60985477056624,430.60985477056624,452.14034750909457,0.41666664930555625,2.399999760000024,0.4,4.439276807539066,0.23999999760000004,2.399999760000024,1.5,0,0.41666664930555625,800.9343143713
84,67,Suburban,Regular,48,4.87,Night,Economy,81,219.99370680056552,219.99370680056552,230.9933921405938,0.7976190381235829,1.2537313245711743,0.788235294117647,2.7159716553653563,0.4799999952000001,1.2537313245711743,1.0,1,0.7976190381235829,247.5750069430051
52,9,Suburban,Regular,24,4.19,Morning,Economy,102,366.7282586383836,366.7282586383836,385.0646715703028,0.17307691974852077,5.777777135802541,0.16981132075471697,3.59537504944126,0.23999999760000004,5.777777135802541,1.0,0,0.17307691974852077,578.6156734197369
38,12,Rural,Silver,44,4.85,Evening,Economy,110,356.8814026432877,356.8814026432877,374.7254727754521,0.31578946537396146,3.1666664027777998,0.3076923076923077,3.2443763581719214,0.4399999956000001,3.1666664027777998,1.0,1,0.31578946537396146,469.8938373959592
26,12,Urban,Regular,80,4.27,Afternoon,Economy,134,441.4714772887345,441.4714772887345,463.54505115317124,0.4615384437869829,2.166666486111126,0.4444444444444444,3.294563238762472,0.799999992,2.166666486111126,1.0,0,0.4615384437869829,537.1236227302816
61,39,Suburban,Regular,82,4.49,Morning,Premium,46,230.1431447581205,230.1431447581205,241.65030199602654,0.6393442518140287,1.5641025239973714,0.6290322580645161,5.0031117338045386,0.8199999918,1.5641025239973714,1.5,0,0.6393442518140287,399.20983817671106
87,41,Rural,Gold,97,4.27,Afternoon,Premium,37,158.89198003545,158.89198003545,166.8365790372225,0.47126436239926023,2.1219511677572886,0.4659090909090909,4.294377722731683,0.9699999903000002,2.1219511677572886,1.5,0,0.47126436239926023,288.9121234406987
98,46,Suburban,Gold,55,4.71,Evening,Economy,173,766.9193242115463,766.9193242115463,805.2652904221236,0.4693877503123699,2.130434736294897,0.46464646464646464,4.433059651898767,0.5499999945,2.130434736294897,1.0,1,0.4693877503123699,930.3064810351549
24,13,Urban,Silver,54,4.09,Morning,Economy,161,466.7229822330101,466.7229822330101,490.0591313446606,0.5416666440972231,1.8461537041420228,0.52,2.898900492758445,0.5399999946,1.8461537041420228,1.0,0,0.5416666440972231,552.8872184787784
44,8,Urban,Gold,43,3.82,Night,Economy,86,233.50662384935427,233.50662384935427,245.181955041822,0.18181817768595052,5.499999312500086,0.17777777777777778,2.715193269001872,0.4299999957,5.499999312500086,1.0,1,0.18181817768595052,361.93525091292076
71,59,Urban,Regular,71,4.47,Evening,Economy,31,104.1037337805616,104.1037337805616,109.30892046958968,0.830985903788931,1.2033898101120373,0.8194444444444444,3.3581848523347335,0.7099999929,1.2033898101120373,1.0,1,0.830985903788931,116.631471023176
91,59,Urban,Silver,68,4.77,Night,Economy,15,38.33576819209958,38.33576819209958,40.25255660170456,0.648351641226905,1.5423728552140195,0.6413043478260869,2.5557177090921246,0.6799999932,1.5423728552140195,1.0,1,0.648351641226905,44.248573016426725
32,14,Urban,Gold,75,4.49,Night,Economy,177,761.0167600703148,761.0167600703148,799.0675980738306,0.4374999863281255,2.2857141224489914,0.42424242424242425,4.299529693620255,0.7499999925,2.2857141224489914,1.0,1,0.4374999863281255,934.9634356616243
79,24,Urban,Silver,0,4.26,Evening,Economy,82,284.8625062809567,284.8625062809567,299.1056315950046,0.3037974645088929,3.2916665295138943,0.3,3.4739329610612657,0.0,3.2916665295138943,1.0,1,0.3037974645088929,378.6297440248034
73,27,Urban,Regular,55,4.27,Morning,Premium,50,216.06019585156733,216.06019585156733,226.8632056441457,0.3698630086320136,2.703703603566533,0.36486486486486486,4.32120383060727,0.5499999945,2.703703603566533,1.5,0,0.3698630086320136,411.7147032940271
32,16,Rural,Silver,80,4.78,Morning,Economy,11,39.37370119886104,39.37370119886104,41.3423862588041,0.49999998437500054,1.9999998750000076,0.48484848484848486,3.5794270563121806,0.799999992,1.9999998750000076,1.0,0,0.49999998437500054,47.24844094646201
22,10,Rural,Silver,5,4.44,Morning,Premium,129,471.7821019342959,471.7821019342959,495.3712070310107,0.4545454338842984,2.199999780000022,0.43478260869565216,3.657225568039305,0.0499999995,2.199999780000022,1.5,0,0.4545454338842984,863.3612309709536
35,19,Urban,Silver,45,4.99,Afternoon,Economy,159,508.6730024657942,508.6730024657942,534.1066525890839,0.5428571273469392,1.8421051662049912,0.5277777777777778,3.1992012532490124,0.4499999955000001,1.8421051662049912,1.0,0,0.5428571273469392,602.3759190409185
24,10,Suburban,Regular,79,4.3,Night,Economy,24,95.11851081754354,95.11851081754354,99.87443635842072,0.41666664930555625,2.399999760000024,0.4,3.9632711189280174,0.7899999921,2.399999760000024,1.0,1,0.41666664930555625,117.94695113090997
67,31,Rural,Gold,64,3.62,Night,Economy,169,735.1444900755255,735.1444900755255,771.9017145793018,0.46268656025840954,2.1612902528616047,0.45588235294117646,4.349967371157149,0.6399999936,2.1612902528616047,1.0,1,0.46268656025840954,894.0305521600403
100,73,Urban,Silver,95,3.98,Night,Premium,100,456.60307303079816,456.60307303079816,479.4332266823381,0.7299999927,1.3698629949333836,0.7227722772277227,4.566030684647675,0.9499999905000002,1.3698629949333836,1.5,1,0.7299999927,778.7271575138607
66,16,Urban,Silver,94,4.52,Morning,Economy,34,122.24187517858556,122.24187517858556,128.35396893751485,0.2424242387511479,4.124999742187516,0.23880597014925373,3.5953491642128355,0.9399999906000002,4.124999742187516,1.0,0,0.2424242387511479,172.66664553820397
96,36,Urban,Regular,57,4.06,Evening,Premium,139,599.8171406236374,599.8171406236374,629.8079976548194,0.37499999609375007,2.6666665925925948,0.3711340206185567,4.315231196463355,0.5699999943,2.6666665925925948,1.5,1,0.37499999609375007,1139.6525605202764
60,8,Urban,Regular,68,4.84,Morning,Premium,144,438.5186068324803,438.5186068324803,460.44453717410437,0.13333333111111115,7.499999062500118,0.13114754098360656,3.0452680818556406,0.6799999932,7.499999062500118,1.5,0,0.13333333111111115,1151.1112812685897
92,31,Rural,Silver,54,3.91,Night,Premium,148,516.1330392078827,516.1330392078827,541.9396911682768,0.3369565180765596,2.9677418397502633,0.3333333333333333,3.4873853764898466,0.5399999946,2.9677418397502633,1.5,1,0.3369565180765596,1003.9620011120287
92,49,Urban,Silver,9,4.23,Evening,Premium,89,397.4831040703401,397.4831040703401,417.35725927385715,0.5326086898629491,1.8775509820907963,0.5268817204301075,4.466102242744246,0.0899999991,1.8775509820907963,1.5,1,0.5326086898629491,708.168874967275
56,37,Urban,Silver,27,4.12,Afternoon,Premium,68,317.8400260939533,317.8400260939533,333.732027398651,0.6607142739158166,1.5135134726077442,0.6491228070175439,4.674117962056402,0.2699999973,1.5135134726077442,1.5,0,0.6607142739158166,548.9183133850092
88,71,Rural,Regular,42,4.87,Afternoon,Premium,109,330.78364034759613,330.78364034759613,347.32282236497593,0.8068181726497935,1.2394366022614562,0.797752808988764,3.03471226892554,0.4199999958,1.2394366022614562,1.5,0,0.8068181726497935,557.6732632128092
87,47,Rural,Silver,6,4.54,Morning,Premium,162,743.3166378180009,743.3166378180009,780.482469708901,0.5402298788479324,1.8510637904028981,0.5340909090909091,4.588374279195226,0.05999999940000001,1.8510637904028981,1.5,0,0.5402298788479324,1321.3639336873402
85,6,Suburban,Gold,92,4.11,Afternoon,Economy,73,274.1712773124912,274.1712773124912,287.8798411781158,0.07058823446366783,14.16666430555595,0.06976744186046512,3.755770870640005,0.9199999908000002,14.16666430555595,1.0,0,0.07058823446366783,662.5805221036463
98,54,Rural,Regular,34,4.57,Evening,Premium,113,462.4075929220183,462.4075929220183,485.52797256811925,0.5510204025406081,1.8148147812071338,0.5454545454545454,4.092102556016954,0.3399999966,1.8148147812071338,1.5,1,0.5510204025406081,819.489009569621
28,14,Rural,Regular,24,4.2,Afternoon,Economy,147,533.0802632142761,533.0802632142761,559.7342763749899,0.49999998214285774,1.9999998571428674,0.4827586206896552,3.6263963237270733,0.23999999760000004,1.9999998571428674,1.0,0,0.49999998214285774,639.6963082416995
36,9,Suburban,Silver,22,3.51,Night,Premium,37,143.2178421949143,143.2178421949143,150.37873430466004,0.24999999305555576,3.9999995555556054,0.24324324324324326,3.8707523871395115,0.21999999780000004,3.9999995555556054,1.5,1,0.24999999305555576,300.757459061465
20,8,Suburban,Silver,38,4.82,Night,Premium,155,574.9456425421428,574.9456425421428,603.6929246692499,0.399999980000001,2.4999996875000394,0.38095238095238093,3.7093267021472003,0.3799999962,2.4999996875000394,1.5,1,0.399999980000001,1078.023052815944
94,36,Rural,Regular,41,4.57,Morning,Economy,76,215.741761640662,215.741761640662,226.5288497226951,0.38297871933001365,2.611111038580249,0.37894736842105264,2.838707352657298,0.4099999959,2.611111038580249,1.0,0,0.38297871933001365,272.0743311709301
94,82,Suburban,Gold,48,4.92,Morning,Premium,20,129.7685299495176,129.7685299495176,136.2569564469935,0.8723404162516977,1.1463414494348605,0.8631578947368421,6.488426173054572,0.4799999952000001,1.1463414494348605,1.5,0,0.8723404162516977,216.96665163128057
70,7,Urban,Regular,13,4.09,Afternoon,Economy,117,321.0007657787772,321.0007657787772,337.05080406771606,0.09999999857142859,9.999998571428776,0.09859154929577464,2.7435962652579566,0.1299999987,9.999998571428776,1.0,0,0.09999999857142859,642.0014857003086
90,71,Suburban,Regular,37,3.51,Morning,Premium,32,172.59277503910292,172.59277503910292,181.22241379105807,0.7888888801234569,1.2676056159492166,0.7802197802197802,5.39352405142434,0.3699999963,1.2676056159492166,1.5,0,0.7888888801234569,291.70609819542835
42,10,Urban,Silver,56,4.01,Night,Premium,95,455.20978516158993,455.20978516158993,477.97027441966947,0.238095232426304,4.199999580000043,0.23255813953488372,4.791681898630611,0.5599999944,4.199999580000043,1.5,1,0.238095232426304,969.596813715973
44,18,Suburban,Gold,88,3.67,Night,Premium,50,199.8397440906976,199.8397440906976,209.8317312952325,0.40909089979338864,2.444444308641983,0.4,3.996794801878056,0.8799999912000002,2.444444308641983,1.5,1,0.40909089979338864,373.03418489849275
60,16,Suburban,Regular,28,3.91,Evening,Economy,105,281.0970650985199,281.0970650985199,295.1519183534459,0.2666666622222223,3.7499997656250144,0.26229508196721313,2.677114880203858,0.2799999972,3.7499997656250144,1.0,1,0.2666666622222223,386.50845792225283
26,5,Rural,Silver,7,4.75,Afternoon,Premium,140,413.54800185803066,413.54800185803066,434.2254019509322,0.1923076849112429,5.199998960000208,0.18518518518518517,2.9539142778865455,0.0699999993,5.199998960000208,1.5,0,0.1923076849112429,942.8893797228345
79,13,Rural,Regular,6,4.63,Afternoon,Economy,38,134.09432585149492,134.09432585149492,140.79904214406966,0.16455695994231698,6.076922609467492,0.1625,3.5287979558604463,0.05999999940000001,6.076922609467492,1.0,0,0.16455695994231698,215.58240990832
26,8,Rural,Gold,65,3.58,Night,Premium,89,378.50396161301137,378.50396161301137,397.429159693662,0.30769229585798863,3.249999593750051,0.2962962962962963,4.252853453484921,0.6499999935,3.249999593750051,1.5,1,0.30769229585798863,752.2766006407779
62,7,Urban,Silver,2,4.71,Morning,Premium,28,162.05358553352147,162.05358553352147,170.15626481019754,0.11290322398543187,8.857141591836916,0.1111111111111111,5.787627848067629,0.0199999998,8.857141591836916,1.5,0,0.11290322398543187,458.38011118057034
42,16,Rural,Gold,33,3.63,Morning,Economy,166,513.1161277813304,513.1161277813304,538.771934170397,0.3809523718820864,2.62499983593751,0.37209302325581395,3.091060992110057,0.3299999967,2.62499983593751,1.0,0,0.3809523718820864,647.8091029056187
57,16,Urban,Regular,0,3.95,Afternoon,Economy,97,308.6385554813678,308.6385554813678,324.0704832554362,0.28070174946137283,3.562499777343764,0.27586206896551724,3.181840745355949,0.0,3.562499777343764,1.0,0,0.28070174946137283,418.5910339995752
33,13,Rural,Gold,34,4.78,Morning,Economy,66,239.08854651007988,239.08854651007988,251.0429738355839,0.3939393820018369,2.5384613431952814,0.38235294117647056,3.6225536801140334,0.3399999966,2.5384613431952814,1.0,0,0.3939393820018369,299.78024980173836
22,10,Rural,Regular,26,4.97,Morning,Economy,170,562.1650160715976,562.1650160715976,590.2732668751776,0.4545454338842984,2.199999780000022,0.43478260869565216,3.3068530162632035,0.2599999974,2.199999780000022,1.0,0,0.4545454338842984,685.84130723972
67,44,Urban,Regular,27,4.69,Morning,Economy,129,467.0198948894929,467.0198948894929,490.3708896339676,0.6567164081087103,1.5227272381198356,0.6470588235294118,3.6203092346448345,0.2699999973,1.5227272381198356,1.0,0,0.6567164081087103,538.1342863587023
62,15,Suburban,Silver,15,4.28,Night,Economy,73,327.43334173812747,327.43334173812747,343.80500882503384,0.2419354799687826,4.133333057777796,0.23809523809523808,4.485388181544374,0.1499999985,4.133333057777796,1.0,1,0.2419354799687826,462.7724473006131
95,49,Rural,Regular,92,4.27,Night,Premium,99,332.0936161256213,332.0936161256213,348.69829693190235,0.5157894682548477,1.9387754706372353,0.5104166666666666,3.3544809370822257,0.9199999908000002,1.9387754706372353,1.5,1,0.5157894682548477,594.7186677233678
61,36,Urban,Silver,72,4.64,Night,Premium,109,457.0853188522962,457.0853188522962,479.93958479491107,0.5901639247514111,1.6944443973765446,0.5806451612903226,4.193443253750945,0.7199999928,1.6944443973765446,1.5,1,0.5901639247514111,801.803826926296
48,12,Rural,Silver,25,4.26,Night,Economy,180,552.8162271192283,552.8162271192283,580.4570384751897,0.2499999947916668,3.9999996666666946,0.24489795918367346,3.0712012447112613,0.24999999750000004,3.9999996666666946,1.0,1,0.2499999947916668,773.9426995397137
93,59,Rural,Regular,30,4.11,Afternoon,Premium,89,281.0521288708149,281.0521288708149,295.10473531435565,0.6344085953289399,1.5762711597242176,0.6276595744680851,3.157889052954223,0.299999997,1.5762711597242176,1.5,0,0.6344085953289399,488.03034807394636
59,18,Urban,Gold,67,3.86,Morning,Economy,98,288.3451530321269,288.3451530321269,302.76241068373326,0.3050847405917841,3.2777775956790225,0.3,2.9422974498962193,0.6699999933,3.2777775956790225,1.0,0,0.3050847405917841,382.8582812752614
95,73,Urban,Regular,20,3.59,Evening,Premium,138,666.8242060496077,666.8242060496077,700.1654163520881,0.7684210445429364,1.3013698451867144,0.7604166666666666,4.832059429112669,0.199999998,1.3013698451867144,1.5,1,0.7684210445429364,1130.4040461434415
71,33,Suburban,Regular,4,4.88,Evening,Premium,109,436.0192372930386,436.0192372930386,457.8201991576905,0.46478872584804615,2.151515086317725,0.4583333333333333,4.000176452228093,0.0399999996,2.151515086317725,1.5,1,0.46478872584804615,794.744150983666
20,7,Suburban,Gold,71,3.83,Morning,Premium,51,248.22030676592635,248.22030676592635,260.6313221042227,0.34999998250000086,2.85714244897965,0.3333333333333333,4.867064743114934,0.7099999929,2.85714244897965,1.5,0,0.34999998250000086,478.7105764228413
23,7,Urban,Gold,96,3.97,Afternoon,Premium,165,493.2338839519256,493.2338839519256,517.8955781495218,0.3043478128544429,3.2857138163265978,0.2916666666666667,2.9892962482583596,0.9599999904000002,3.2857138163265978,1.5,0,0.3043478128544429,982.9446340050793
80,69,Suburban,Silver,94,4.44,Night,Economy,74,291.5110820764234,291.5110820764234,306.08663618024457,0.8624999892187502,1.1594202730518801,0.8518518518518519,3.9393388937443854,0.9399999906000002,1.1594202730518801,1.0,1,0.8624999892187502,325.309467914293
58,10,Urban,Gold,51,4.27,Night,Premium,138,459.0606514814432,459.0606514814432,482.01368405551534,0.17241379013079672,5.799999420000058,0.1694915254237288,3.326526435905194,0.5099999949,5.799999420000058,1.5,1,0.17241379013079672,1087.9737040727478
71,25,Urban,Gold,72,4.46,Evening,Economy,169,603.9358824371426,603.9358824371426,634.1326765589997,0.35211267109700467,2.8399998864000042,0.3472222222222222,3.573585082032885,0.7199999928,2.8399998864000042,1.0,1,0.35211267109700467,775.4536661885797
69,26,Rural,Gold,48,4.28,Evening,Premium,175,502.6040622268877,502.6040622268877,527.7342653382321,0.37681158874186105,2.653846051775152,0.37142857142857144,2.8720231963135117,0.4799999952000001,2.653846051775152,1.5,1,0.37681158874186105,953.9811642623786
89,54,Suburban,Gold,48,4.38,Afternoon,Economy,24,74.78832688768996,74.78832688768996,78.52774323207446,0.6067415662163869,1.6481481176268868,0.6,3.1161801571462417,0.4799999952000001,1.6481481176268868,1.0,0,0.6067415662163869,87.11455090573101
84,62,Urban,Silver,52,4.61,Afternoon,Economy,29,126.23081147979764,126.23081147979764,132.5423520537875,0.7380952293083901,1.3548386878251826,0.7294117647058823,4.3527864526555575,0.5199999948,1.3548386878251826,1.0,0,0.7380952293083901,143.33305017863734
98,61,Urban,Silver,91,4.28,Night,Economy,95,319.94237960548924,319.94237960548924,335.9394985857637,0.6224489732403166,1.6065573507121746,0.6161616161616161,3.367814486712366,0.9099999909000002,1.6065573507121746,1.0,1,0.6224489732403166,371.3429577814436
95,25,Urban,Gold,26,3.62,Morning,Economy,81,207.61291922267668,207.61291922267668,217.99356518381052,0.26315789196675904,3.799999848000006,0.2604166666666667,2.5631224278957316,0.2599999974,3.799999848000006,1.0,0,0.26315789196675904,286.5058253715776
79,29,Rural,Silver,29,4.22,Night,Economy,99,304.74417790488224,304.74417790488224,319.98138680012636,0.3670886029482455,2.724137837098695,0.3625,3.0782239881480633,0.2899999971,2.724137837098695,1.0,1,0.3670886029482455,387.7606924715048
82,10,Urban,Silver,97,4.43,Night,Economy,177,481.7658793191911,481.7658793191911,505.85417328515064,0.12195121802498515,8.199999180000082,0.12048192771084337,2.7218411107194913,0.9699999903000002,8.199999180000082,1.0,1,0.12195121802498515,876.8138608561296
87,5,Rural,Gold,6,3.76,Evening,Economy,28,83.3353748167845,83.3353748167845,87.50214355762373,0.057471263707226855,17.399996520000695,0.056818181818181816,2.976263280018615,0.05999999940000001,17.399996520000695,1.0,1,0.057471263707226855,228.33889799728487
83,35,Rural,Gold,3,4.32,Night,Premium,116,513.6451022177532,513.6451022177532,539.3273573286409,0.42168674190738864,2.3714285036734717,0.4166666666666667,4.427974980946364,0.029999999700000005,2.3714285036734717,1.5,1,0.42168674190738864,953.178548752348
47,9,Rural,Regular,5,4.81,Night,Premium,178,561.374877548703,561.374877548703,589.4436214261382,0.19148935762788602,5.2222216419753735,0.1875,3.1537914291848965,0.0499999995,5.2222216419753735,1.5,1,0.19148935762788602,1281.8059215424714
34,7,Urban,Silver,54,4.71,Night,Premium,149,516.51117285383,516.51117285383,542.3367314965215,0.20588234688581333,4.857142163265405,0.2,3.466517915351088,0.5399999946,4.857142163265405,1.5,1,0.20588234688581333,1151.0819886006452
26,13,Rural,Regular,14,4.19,Morning,Economy,174,666.4286805847338,666.4286805847338,699.7501146139705,0.49999998076923147,1.9999998461538582,0.48148148148148145,3.8300498664062297,0.1399999986,1.9999998461538582,1.0,0,0.49999998076923147,799.7144064489323
88,7,Rural,Gold,11,3.64,Night,Premium,130,573.2085393656391,573.2085393656391,601.8689663339211,0.07954545364152894,12.57142677551046,0.07865168539325842,4.409296422741098,0.10999999890000002,12.57142677551046,1.5,1,0.07954545364152894,1940.7201860083246
57,26,Rural,Regular,92,3.8,Evening,Premium,67,283.7979251507492,283.7979251507492,297.9878214082867,0.4561403428747308,2.1923076079881687,0.4482758620689655,4.235789864402379,0.9199999908000002,2.1923076079881687,1.5,1,0.4561403428747308,519.0227402920106
45,17,Rural,Silver,67,4.7,Afternoon,Economy,15,66.78323718712389,66.78323718712389,70.12239904648008,0.37777776938271623,2.6470586678200783,0.3695652173913043,4.4522155156605585,0.6699999933,2.6470586678200783,1.0,0,0.37777776938271623,84.46115187324995
82,26,Urban,Gold,35,4.71,Morning,Economy,114,289.2390324634591,289.2390324634591,303.7009840866321,0.3170731668649614,3.1538460325443833,0.3132530120481928,2.537184473037497,0.3499999965,3.1538460325443833,1.0,0,0.3170731668649614,380.4605699626448
54,39,Rural,Gold,88,4.59,Evening,Economy,42,147.42638660593482,147.42638660593482,154.79770593623158,0.7222222088477369,1.3846153491124271,0.7090909090909091,3.5101519784710202,0.8799999912000002,1.3846153491124271,1.0,1,0.7222222088477369,167.83927038181085
95,24,Suburban,Gold,79,3.5,Afternoon,Economy,130,552.2304431046015,552.2304431046015,579.8419652598316,0.2526315762880887,3.9583331684027843,0.25,4.247926452743654,0.7899999921,3.9583331684027843,1.0,0,0.2526315762880887,770.8216510588726
63,31,Suburban,Silver,2,3.81,Evening,Premium,160,632.5601419476765,632.5601419476765,664.1881490450603,0.4920634842529606,2.032257998959419,0.484375,3.9535008624635974,0.0199999998,2.032257998959419,1.5,1,0.4920634842529606,1141.6690241659253
43,18,Urban,Gold,58,4.22,Evening,Economy,156,494.7452574847764,494.7452574847764,519.4825203590152,0.4186046414277991,2.3888887561728467,0.4090909090909091,3.1714439379059773,0.5799999942,2.3888887561728467,1.0,1,0.4186046414277991,612.9343957622987
33,14,Suburban,Regular,87,4.81,Evening,Premium,17,118.98653335805044,118.98653335805044,124.93586002595296,0.42424241138659363,2.3571426887755225,0.4117647058823529,6.999207432873117,0.8699999913000002,2.3571426887755225,1.5,1,0.42424241138659363,220.55003561222662
33,23,Urban,Gold,24,4.21,Morning,Premium,11,91.38952597435124,91.38952597435124,95.9590022730688,0.6969696758494038,1.4347825463138022,0.6764705882352942,8.308137969655753,0.23999999760000004,1.4347825463138022,1.5,0,0.6969696758494038,156.7529034791105
84,29,Urban,Regular,92,4.55,Morning,Premium,94,424.1559867017463,424.1559867017463,445.36378603683363,0.345238091128118,2.8965516242568405,0.3411764705882353,4.512297682866475,0.9199999908000002,2.8965516242568405,1.5,0,0.345238091128118,820.5224368855004
44,6,Suburban,Gold,80,4.13,Night,Premium,40,157.36483032789283,157.36483032789283,165.23307184428748,0.13636363326446288,7.333332111111314,0.13333333333333333,3.9341206598443046,0.799999992,7.333332111111314,1.5,1,0.13636363326446288,409.1485300023073
53,27,Suburban,Regular,78,3.63,Night,Premium,58,279.09504825213924,279.09504825213924,293.0498006647462,0.5094339526521896,1.9629628902606335,0.5,4.811983507588892,0.7799999922,1.9629628902606335,1.5,1,0.5094339526521896,500.8205557643763
78,63,Rural,Gold,14,4.21,Afternoon,Economy,147,655.065105532243,655.065105532243,687.8183608088552,0.8076922973372783,1.238095218442933,0.7974683544303798,4.456225177387877,0.1399999986,1.238095218442933,1.0,0,0.8076922973372783,736.1684030250716
